Filomicrobium_sp_W1_genomic.fasta	1.625237849822491
Shewanella_sp_MR-4_genomic.fasta	0.0
Shewanella_violacea_DSS12_genomic.fasta	0.0
Parvularcula_bermudensis_HTCC2503_genomic.fasta	1.2191643205298341
Photobacterium_gaetbulicola_Gung47_genomic.fasta	2.031978128457407
A8_S8_contigs.fasta	0.8090298406498709
Aliivibrio_salmonicida_LFI1238_genomic.fasta	0.40634401860444735
Moorea_producens_JHB_genomic.fasta	0.0
TNX_S11_contigs.fasta	3.2502251534376483
Shewanella_baltica_OS195_genomic.fasta	0.40634190439194273
Ruegeria_pomeroyi_DSS-3_genomic.fasta	0.0
Synechococcus_sp_PCC_7002_genomic.fasta	0.0
Thermotoga_maritima_strain_Tma200_genomic.fasta	0.0
Vibrio_coralliilyticus_RE98_genomic.fasta	0.0
Hippea_maritima_DSM_10411_genomic.fasta	1.6256784725964055
Gramella_forsetii_KT0803_genomic.fasta	0.8127754730462244
Pseudoalteromonas_translucida_KMM_520_genomic.fasta	0.0
Vw1_S1_contigs.fasta	0.40566099691337754
Thermosipho_melanesiensis_strain_431_genomic.fasta	0.0
Brucella_ceti_TE28753-12_genomic.fasta	0.0
Vibrio_scophthalmi_strain_VS-12_genomic.fasta	0.0
Staphylothermus_marinus_F1_genomic.fasta	1.2191130643635155
Thermococcus_onnurineus_NA1_genomic.fasta	0.40641737857814
Planococcus_plakortidis_strain_DSM_23997_genomic.fasta	0.8127676409499354
26_S2_contigs.fasta	0.0
MR4-96-1_S3_contigs.fasta	0.0
Piscirickettsia_salmonis_strain_PM51819A_genomic.fasta	0.0
Corynebacterium_sphenisci_DSM_44792_genomic.fasta	0.4063897024818868
Piscirickettsia_salmonis_strain_AY6532B_genomic.fasta	0.0
Jannaschia_sp_CCS1_genomic.fasta	0.0
R2A19_S7_contigs.fasta	0.40516026559835394
Erythrobacter_litoralis_HTCC2594_genomic.fasta	2.032008266284978
Vibrio_parahaemolyticus_BB22OP_genomic.fasta	0.0
Methylophilales_bacterium_MBRSG12_genomic.fasta	0.4062588702810105
Oleispira_antarctica_RB-8_genomic.fasta	1.2191629236126493
Marivirga_tractuosa_DSM_4126_genomic.fasta	4.470350987082671
A-H1309-4-1_S7_contigs.fasta	0.40581337885799
Shewanella_woodyi_ATCC_51908_genomic.fasta	0.0
Wenzhouxiangella_marina_strain_KCTC_42284_genomic.fasta	0.0
20_S10_contigs.fasta	0.0
Dinoroseobacter_shibae_DFL_12_genomic.fasta	0.0
Candidatus_Gloeomargarita_lithophora_D10_genomic.fasta	3.964964878628845
S17_S4_contigs.fasta	15.824672768544294
Formosa_haliotis_strain_LMG_28520_genomic.fasta	0.8128102499836267
Pseudoalteromonas_sp_OCN003_genomic.fasta	0.0
Marinomonas_mediterranea_MMB-1_genomic.fasta	5.283139463020969
Bdellovibrio_bacteriovorus_strain_109J_genomic.fasta	1.2190543719918505
Marinobacter_psychrophilus_strain_20041_genomic.fasta	0.0
A-Hdes-3_S8_contigs.fasta	0.4049989207275694
Marinobacter_sp_CP1_genomic.fasta	0.0
Marinobacter_similis_A3d10_genomic.fasta	0.4063988579181
MR4-25-1B_S2_contigs.fasta	1.2187014806311653
Octadecabacter_antarcticus_307_genomic.fasta	1.219202532180408
Oceanithermus_profundus_DSM_14977_genomic.fasta	0.0
alpha_proteobacterium_HIMB5_genomic.fasta	0.4062677048815406
Methanocaldococcus_sp_JH146_genomic.fasta	0.0
V36_S4_contigs.fasta	0.0
Kosmotoga_olearia_TBF_1951_genomic.fasta	0.0
Marinitoga_piezophila_KA3_genomic.fasta	1.2192210064709723
Archaeoglobus_fulgidus_DSM_4304_genomic.fasta	0.4063990055090867
VwK7F1_S12_contigs.fasta	0.0
B9-25K2_S3_contigs.fasta	0.4062798545835383
Prosthecochloris_sp_CIB_2401_genomic.fasta	0.0
Pseudomonas_pohangensis_strain_DSM_17875_genomic.fasta	0.0
Nitratiruptor_sp_SB155-2_genomic.fasta	2.032022458747175
Prochlorococcus_marinus_bv_HNLC1_genomic.fasta	2.4187336704418834
Flexibacter_litoralis_DSM_6794_genomic.fasta	0.8127922903447578
A9-2_S2_contigs.fasta	1.2182608141235738
10_S9_contigs.fasta	0.0
6_S6_contigs.fasta	0.40471584490755164
Hyphomonas_neptunium_ATCC_15444_genomic.fasta	1.2191830439873232
Kangiella_koreensis_DSM_16069_genomic.fasta	0.8127769475827065
VO6_S13_contigs.fasta	27.520510832677676
Oscillibacter_valericigenes_Sjm18-20_genomic.fasta	1.219226045229043
Prochlorococcus_marinus_str_MIT_9303_genomic.fasta	1.6255410642209496
Nocardia_seriolae_strain_EM150506_genomic.fasta	0.0
A-H130426-2_S6_contigs.fasta	0.0
Candidatus_Thioglobus_sp_EF1_genomic.fasta	0.0
Candidatus_Pelagibacter_ubique_HTCC1062_genomic.fasta	0.0
Thalassolituus_oleivorans_strain_K188_genomic.fasta	4.82484589610456
Flavobacterium_psychrophilum_strain_MH1_genomic.fasta	0.0
T-211_S5_contigs.fasta	0.0
A-Hdes-20-1_S13_contigs.fasta	2.4300593381347526
Vibrio_cholerae_strain_Env-390_genomic.fasta	5.689659258323031
Synechococcus_sp_CC9902_genomic.fasta	1.625493494133108
Sedimenticola_sp_SIP-G1_genomic.fasta	0.0
Titti30_S10_contigs.fasta	11.731969829656204
Chloroherpeton_thalassium_ATCC_35110_genomic.fasta	10.159962616788377
Titti29_S9_contigs.fasta	1.2170172545457192
A-Hdes-19_S12_contigs.fasta	0.0
Methanosarcina_siciliae_HI350_genomic.fasta	0.0
Yersinia_aldovae_670-83_genomic.fasta	0.0
Vibrio_natriegens_strain_CCUG_16374_genomic.fasta	6.502170423920715
Flavobacterium_psychrophilum_strain_PG2_genomic.fasta	0.0
Thalassolituus_oleivorans_R6-15_genomic.fasta	7.721541720708577
Novosphingobium_pentaromativorans_US6-1_genomic.fasta	0.0
A25_S9_contigs.fasta	0.0
Thermoanaerobacter_siderophilus_SR4_genomic.fasta	0.4041477702191988
Psychrobacter_sp_AntiMn-1_genomic.fasta	0.0
35_S4_contigs.fasta	0.0
Shewanella_sediminis_HAW-EB3_genomic.fasta	0.0
Alteromonas_sp_SN2_genomic.fasta	0.0
Ilyobacter_polytropus_DSM_2926_genomic.fasta	3.6574865554709537
MvHd17_S7_contigs.fasta	0.0
Candidatus_Nitrosopumilus_sp_NF5_genomic.fasta	2.032010586265474
Desulfocapsa_sulfexigens_DSM_10523_genomic.fasta	0.0
V-H1309-2-2_S2_contigs.fasta	2.842703834458005
Vibrio_coralliilyticus_OCN014_genomic.fasta	8.534214113708932
Piscirickettsia_salmonis_strain_PM58386B_genomic.fasta	0.0
Prochlorococcus_marinus_bv_HNLC2_genomic.fasta	0.4047843911797555
Alteromonas_stellipolaris_LMG_21856_genomic.fasta	0.0
Rhodococcus_erythropolis_PR4_genomic.fasta	0.0
Shewanella_halifaxensis_HAW-EB4_genomic.fasta	3.657623861709711
19_S5_contigs.fasta	1.218461939704472
Vibrio_anguillarum_M3_genomic.fasta	0.4064464144952046
1_S1_contigs.fasta	0.0
Lactococcus_garvieae_ATCC_49156_genomic.fasta	0.0
S21_S7_contigs.fasta	0.8120867134774014
Shewanella_denitrificans_OS217_genomic.fasta	0.4063875481834538
Francisella_noatunensis_subsp_orientalis_strain_FNO01_genomic.fasta	0.0
Methanocaldococcus_jannaschii_DSM_2661_genomic.fasta	0.8127922534725575
Pseudoalteromonas_haloplanktis_TAC125_genomic.fasta	2.031907867312266
A15_S15_contigs.fasta	0.0
Spirochaeta_thermophila_DSM_6578_genomic.fasta	0.0
Chromohalobacter_salexigens_DSM_3043_genomic.fasta	0.0
A1_S1_contigs.fasta	0.0
Chlorobium_phaeobacteroides_BS1_genomic.fasta	8.534266139064261
Alteromonas_stellipolaris_strain_PQQ-42_genomic.fasta	0.6742166993534762
Alteromonas_macleodii_str_Ionian_Sea_U7_genomic.fasta	0.13848947216672214
Candidatus_Atelocyanobacterium_thalassa_isolate_ALOHA_genomic.fasta	3.6576218289563633
Sphingopyxis_alaskensis_RB2256_genomic.fasta	0.0
T-2016-70-F4-3_S10_contigs.fasta	3.64657166376581
Psychromonas_ingrahamii_37_genomic.fasta	0.0
Cupriavidus_sp_USMAA1020_genomic.fasta	0.40640547459258186
Prochlorococcus_marinus_str_MIT_9313_genomic.fasta	2.4379540365859023
Titti26_S6_contigs.fasta	0.40618655780762564
2_S8_contigs.fasta	0.33477626399499677
Methanosarcina_sp_WH1_genomic.fasta	0.0
Desulfobacula_toluolica_Tol2_genomic.fasta	0.40637518262161726
Methanosarcina_sp_MTP4_genomic.fasta	0.4063902642997016
Vibrio_parahaemolyticus_strain_FORC_018_genomic.fasta	0.40639683079839883
A7_S7_contigs.fasta	1.2130319682086719
Sediminicola_sp_YIK13_genomic.fasta	0.0
Prochlorococcus_marinus_str_MIT_9515_genomic.fasta	2.844774926548123
Nonlabens_dokdonensis_DSW-6_genomic.fasta	1.6255929993948348
Celeribacter_marinus_strain_IMCC12053_genomic.fasta	0.8127991485145829
Methanococcus_maripaludis_X1_genomic.fasta	0.0
Pseudomonas_sp_MT-1_genomic.fasta	0.0
A-2014-70-F537_S3_contigs.fasta	0.0
Corynebacterium_stationis_strain_622_DSM_20302_genomic.fasta	0.0
Methanothermococcus_okinawensis_IH1_genomic.fasta	0.0
Vw11_S2_contigs.fasta	0.40517579111764257
MR17-77_S9_contigs.fasta	0.0
Streptococcus_iniae_strain_ISET0901_genomic.fasta	0.4063601766061126
Prochlorococcus_marinus_subsp_marinus_str_CCMP1375_genomic.fasta	0.0
Methanohalobium_evestigatum_Z-7303_genomic.fasta	0.0
Renibacterium_salmoninarum_ATCC_33209_genomic.fasta	0.0
Pelobacter_acetylenicus_strain_DSM_3247_genomic.fasta	0.7703147372278492
Pelobacter_carbinolicus_DSM_2380_genomic.fasta	0.042472586495954326
Yersinia_ruckeri_strain_Big_Creek_74_genomic.fasta	0.0
MC2_S1_contigs.fasta	0.0
Candidatus_Thioglobus_singularis_strain_GG2_genomic.fasta	0.0
Rhodococcus_sp_WMMA185_genomic.fasta	0.0
Pyrolobus_fumarii_1A_genomic.fasta	0.0
Corynebacterium_maris_DSM_45190_genomic.fasta	0.0
Desulfovibrio_africanus_str_Walvis_Bay_genomic.fasta	2.0320268727673976
Brucella_sp_141012304_genomic.fasta	0.0
Flavobacterium_psychrophilum_v4-33_genomic.fasta	0.0
8_S8_contigs.fasta	11.366622398506559
Candidatus_Nitrosopumilus_koreensis_AR1_genomic.fasta	0.40647208934337015
Sulfitobacter_sp_AM1-D1_genomic.fasta	0.4063516372057111
VO5_S12_contigs.fasta	0.0
Paenibacillus_durus_DSM_1735_genomic.fasta	1.2192287468784582
Alteromonas_macleodii_str_Black_Sea_11_genomic.fasta	1.8807465582027751
Alteromonas_macleodii_ATCC_27126_genomic.fasta	2.589661209681786
A2_S2_contigs.fasta	0.0
Pyrococcus_yayanosii_CH1_genomic.fasta	0.40644936944430365
Pseudomonas_stutzeri_CCUG_29243_genomic.fasta	0.0
Desulfobacterium_autotrophicum_HRM2_genomic.fasta	0.0
Aliivibrio_wodanis_genomic.fasta	0.0
Corynebacterium_phocae_strain_M408_89_1_genomic.fasta	2.031853758967063
Saprospira_grandis_str_Lewin_genomic.fasta	0.812829275853339
Flavobacterium_sp_LPB0076_genomic.fasta	0.0
GB02J24_S7_contigs.fasta	0.0
Ruegeria_sp_TM1040_genomic.fasta	0.0
Piscirickettsia_salmonis_strain_PM21567A_genomic.fasta	0.0
Polaribacter_sp_LPB0003_genomic.fasta	0.406372274280284
Thermotoga_sp_RQ7_genomic.fasta	0.4063470940836101
9_S9_contigs.fasta	0.8115252009572671
Sulfurimonas_denitrificans_DSM_1251_genomic.fasta	0.8128319802031466
Francisella_noatunensis_subsp_orientalis_strain_FNO190_genomic.fasta	0.0
Synechococcus_sp_WH_8102_genomic.fasta	0.0
Altererythrobacter_marensis_strain_KCTC_22370_genomic.fasta	0.0
Vibrio_harveyi_strain_QT520_genomic.fasta	1.219175601806766
Shewanella_baltica_OS117_genomic.fasta	0.0
Siansivirga_zeaxanthinifaciens_CC-SAMT-1_genomic.fasta	0.0
Krokinobacter_sp_4H-3-7-5_genomic.fasta	0.0
Gramella_sp_MAR_2010_102_genomic.fasta	1.6255018783238773
Titti18_S5_contigs.fasta	0.0
Thiolapillus_brandeum_Hiromi_1_genomic.fasta	2.438231654996547
Thermotoga_maritima_MSB8_3_genomic.fasta	0.0
Idiomarina_loihiensis_L2TR_genomic.fasta	0.4063650473934067
Cyclobacterium_marinum_DSM_745_genomic.fasta	0.0
Desulfotalea_psychrophila_LSv54_genomic.fasta	0.0
haloarchaeon_HSR6_genomic.fasta	0.0
A-2013-70-F524-1_S1_contigs.fasta	0.0
Methanotorris_igneus_Kol_5_genomic.fasta	1.2191254655651662
Mv5450_S4_contigs.fasta	0.0
Synechococcus_sp_CC9605_genomic.fasta	0.0
Thermococcus_barophilus_CH5_genomic.fasta	0.0
Verrucomicrobia_bacterium_L21-Fru-AB_genomic.fasta	0.0
Belliella_baltica_DSM_15883_genomic.fasta	0.0
Altererythrobacter_atlanticus_strain_26DY36_genomic.fasta	0.0
Hyphomicrobium_nitrativorans_NL23_genomic.fasta	7.721114072380877
Celeribacter_indicus_P73_genomic.fasta	0.0
Ilumatobacter_coccineum_YM16-304_genomic.fasta	18.694575069842088
Shewanella_baltica_OS155_genomic.fasta	0.8127613165666492
Teredinibacter_turnerae_T7901_genomic.fasta	2.844854727319467
AW02J18_S11_contigs.fasta	0.8114492188096689
Halolamina_sediminis_strain_Hb3_genomic.fasta	0.40641757705934606
Marinomonas_posidonica_IVIA-Po-181_genomic.fasta	13.411125963187649
bacterium_AB1_strain_AB1-8_genomic.fasta	1.2189757772171355
A5_S5_contigs.fasta	0.0
GB02J33_S8_contigs.fasta	0.4059515624773426
Shewanella_baltica_OS185_genomic.fasta	0.0
A-Hdes-12_S11_contigs.fasta	0.809440551553823
Marinitoga_sp_1137_genomic.fasta	0.0
Nanohaloarchaea_archaeon_SG9_genomic.fasta	2.438459647319134
hermovibrio_ammonificans_HB-1_genomic.fasta	0.0
Halanaeroarchaeum_sulfurireducens_strain_M27-SA2_genomic.fasta	0.0
Methanocaldococcus_infernus_ME_genomic.fasta	0.0
Fervidobacterium_pennivorans_strain_DYC_genomic.fasta	0.0
Alteromonas_mediterranea_strain_RG65_genomic.fasta	0.748159747561108
Alteromonas_macleodii_str_English_Channel_673_genomic.fasta	0.06467054313260112
Alteromonas_australica_DE170_genomic.fasta	0.0
Marinomonas_sp_MWYL1_genomic.fasta	0.0
Alteromonas_macleodii_str_Balearic_Sea_AD45_genomic.fasta	8.127855951995407
Alteromonas_macleodii_str_Ionian_Sea_U8_genomic.fasta	4.4687688565008346
Roseobacter_litoralis_Och_149_genomic.fasta	0.0
Phaeobacter_gallaeciensis_DSM_26640_genomic.fasta	2.8444176808021573
Tistrella_mobilis_KA081020-065_genomic.fasta	9.29334388047015
Planococcus_maritimus_strain_DSM_17275_genomic.fasta	0.4063944986040718
Titti33_S13_contigs.fasta	0.4060543418613928
VSalmN5541_S14_contigs.fasta	0.0
Methanocaldococcus_fervens_AG86_genomic.fasta	0.0
Erythrobacter_sp_s21-N3_genomic.fasta	0.40643325605326125
GB04J27_S10_contigs.fasta	0.0
Weissella_ceti_strain_WS105_genomic.fasta	0.0
R2A29_S8_contigs.fasta	0.0
Helicobacter_cetorum_MIT_00-7128_genomic.fasta	0.0
Nautilia_profundicola_AmH_genomic.fasta	0.40639567656558967
Thermococcus_litoralis_DSM_5473_genomic.fasta	0.0
Formosa_agariphila_KMM_3901_genomic.fasta	0.8085421479910253
Hydrogenophaga_sp_LPB0072_genomic.fasta	3.657547238312562
Psychromonas_sp_CNPT3_genomic.fasta	0.0
Titti20_S7_contigs.fasta	0.40579869467975727
Pseudanabaena_sp_PCC_7367_genomic.fasta	0.0
Colwellia_sp_PAMC_20917_genomic.fasta	0.0
Thermococcus_barophilus_MP_genomic.fasta	0.0
Methanococcoides_methylutens_MM1_genomic.fasta	0.0
Photobacterium_profundum_SS9_genomic.fasta	0.8119743612688558
Methylophaga_sp_JAM7_genomic.fasta	0.40640500405967894
Clostridium_botulinum_202F_genomic.fasta	10.159645736926203
Alteromonas_macleodii_str_Deep_ecotype_genomic.fasta	1.2129380053908356
Candidatus_Aquiluna_sp_UB-MaderosW2red_genomic.fasta	2.031606371758003
Pseudoalteromonas_rubra_strain_SCSIO_6842_genomic.fasta	0.0
Streptococcus_agalactiae_strain_HN016_genomic.fasta	0.0
Leuconostoc_lactis_strain_WiKim40_genomic.fasta	0.8125520812943565
Campylobacter_peloridis_LMG_23910_genomic.fasta	0.4064002940786048
Shewanella_baltica_BA175_genomic.fasta	0.8128050110378078
Pseudomonas_stutzeri_strain_19SMN4_genomic.fasta	0.0
Coraliomargarita_akajimensis_DSM_45221_genomic.fasta	0.0
Vibrio_fischeri_MJ11_genomic.fasta	0.8125974138733122
Pseudoalteromonas_issachenkonii_strain_KCTC_12958_genomic.fasta	0.0
SP010_S4_contigs.fasta	0.4037128921524538
Vibrio_sp_EJY3_genomic.fasta	0.0
Haloarcula_hispanica_ATCC_33960_genomic.fasta	0.0
Psychrobacter_sp_G_genomic.fasta	0.40635838150289016
SP005_S3_contigs.fasta	0.0
Pusillimonas_sp_T7-7_genomic.fasta	1.2191669866396115
Psychrobacter_sp_P11F6_genomic.fasta	0.0
Methanococcus_maripaludis_C6_genomic.fasta	0.0
Colwellia_sp_MT41_genomic.fasta	0.40636743749230625
ukjent2_S9_contigs.fasta	0.4058830680331323
Vibrio_vulnificus_strain_93U204_genomic.fasta	1.6255778330543715
Kytococcus_sedentarius_DSM_20547_genomic.fasta	4.470229172090018
Prochlorococcus_marinus_str_MIT_9301_genomic.fasta	0.8127268740711867
Nodularia_spumigena_CCY9414_genomic.fasta	0.40466677602287104
Alteromonas_macleodii_str_English_Channel_615_genomic.fasta	0.0
MvHd14_S5_contigs.fasta	0.4057907754138735
A-2013-70-F524-2_S2_contigs.fasta	0.0
Algibacter_sp_HZ22_genomic.fasta	2.032006340288342
Vibrio_alginolyticus_strain_ZJ-T_genomic.fasta	0.0
Mycobacterium_chubuense_NBB4_genomic.fasta	0.8127865040105634
Thioflavicoccus_mobilis_8321_genomic.fasta	13.004305475596263
Polaribacter_sp_MED152_genomic.fasta	0.0
Thermaerobacter_marianensis_DSM_12885_genomic.fasta	0.8127754906761598
VSalm561_S16_contigs.fasta	0.0
Candidatus_Endolissoclinum_patella_L2_genomic.fasta	29.719442179001778
Streptomyces_pactum_strain_KLBMP_5084_genomic.fasta	5.6896962089595915
Mycobacterium_chelonae_CCUG_47445_genomic.fasta	0.0
Thermotoga_sp_RQ2_genomic.fasta	0.8127522375850378
Francisella_noatunensis_subsp_orientalis_FNO24_genomic.fasta	0.0
Muricauda_lutaonensis_strain_CC-HSB-11_genomic.fasta	0.0
Flavobacteriaceae_bacterium_UJ101_genomic.fasta	0.0
Shewanella_piezotolerans_WP3_genomic.fasta	2.0319923535299047
5_S5_contigs.fasta	0.0
Vibrio_anguillarum_strain_90-11-286_genomic.fasta	1.2191445629832631
Thiocystis_violascens_DSM_198_genomic.fasta	2.4384142782882128
Paraoerskovia_marina_strain_DSM_22126_genomic.fasta	0.812737031561355
Thalassotalea_sp_LPB0090_genomic.fasta	1.219213133381896
Synechococcus_sp_KORDI_52_genomic.fasta	0.0
Psychrobacter_sp_PRwf-1_genomic.fasta	0.0
Echinicola_vietnamensis_DSM_17526_genomic.fasta	0.40639859801310296
Thermosediminibacter_oceani_DSM_16646_genomic.fasta	0.0
Francisella_noatunensis_subsp_orientalis_FNO12_genomic.fasta	0.0
Arthrobacter_sp_PAMC25486_genomic.fasta	0.0
A-H-1309-4-4_S6_contigs.fasta	0.40568672573051207
Altererythrobacter_ishigakiensis_strain_NBRC_107699_genomic.fasta	0.0
Salinispora_arenicola_CNS-205_genomic.fasta	0.6154644317102871
Cellulophaga_lytica_DSM_7489_genomic.fasta	0.0
Halomonas_elongata_DSM_2581_genomic.fasta	0.04195703983234912
Rhodovulum_sulfidophilum_DSM_1374_genomic.fasta	0.4042054112631304
Alcanivorax_sp_W11-5_genomic.fasta	0.8126084941373583
T-232_S7_contigs.fasta	0.4047083860762319
U1_S23_contigs.fasta	0.0
Streptomyces_sp_GBA_94-10_genomic.fasta	2.0288115013462567
Palaeococcus_pacificus_DY20341_genomic.fasta	46.32744083886433
Cycloclasticus_sp_P1_genomic.fasta	6.502156383504513
Weissella_ceti_strain_WS08_genomic.fasta	0.0
Prochlorococcus_marinus_AS9601_genomic.fasta	0.0
38_S5_contigs.fasta	0.0
Croceicoccus_naphthovorans_strain_PQ-2_genomic.fasta	0.40641242293706614
Pyrodictium_delaneyi_strain_Su06_genomic.fasta	0.0
Hirschia_baltica_ATCC_49814_genomic.fasta	0.5976077048344475
Maricaulis_maris_MCS10_genomic.fasta	0.6215007743156946
A-H1309-1-3_S8_contigs.fasta	0.0
Chlorobium_phaeovibrioides_DSM_265_genomic.fasta	1.2191519575119518
S04_S1_contigs.fasta	0.0
MC7_S3_contigs.fasta	0.0
Thermotoga_sp_Cell2_genomic.fasta	0.0
A16_S16_contigs.fasta	0.0
Robiginitalea_biformata_HTCC2501_genomic.fasta	0.0
A-H-1309-5-2_S7_contigs.fasta	0.0
Helicobacter_cetorum_MIT_99-5656_genomic.fasta	0.0
Phaeobacter_gallaeciensis_210_Roseobacter_gallaeciensis_genomic.fasta	0.0
Simiduia_agarivorans_SA1_genomic.fasta	0.0
Planococcus_donghaensis_strain_DSM_22276_genomic.fasta	0.0
Woeseia_oceani_strain_XK5_genomic.fasta	2.031999866006288
Hoeflea_sp_IMCC20628_genomic.fasta	0.4064210145134179
Alteromonas_mediterranea_strain_CP48_genomic.fasta	11.785473385676958
Desulfovibrio_hydrothermalis_AM13_genomic.fasta	0.8125418142722274
Methanosarcina_siciliae_C2J_genomic.fasta	0.0
Cyclobacterium_amurskyense_strain_KCTC_12363_genomic.fasta	0.40639212317924023
Pyrococcus_sp_NA2_genomic.fasta	2.438268305144572
Flavobacteriaceae_bacterium_MAR_2010_188_genomic.fasta	0.0
Vw29_S11_contigs.fasta	7.271721835927596
Vibrio_parahaemolyticus_strain_CHN25_genomic.fasta	0.4063451495957859
Prochlorococcus_marinus_str_NATL2A_genomic.fasta	0.0
18_S4_contigs.fasta	0.0
S26_S8_contigs.fasta	0.0
Kangiella_sediminilitoris_strain_KCTC_23892_genomic.fasta	1.2191618983062256
T-218_S8_contigs.fasta	2.8352252810958016
Prochlorococcus_sp_MIT_0604_genomic.fasta	0.0
Synechococcus_sp_WH_7803_genomic.fasta	8.534035549926257
Flavobacterium_psychrophilum_V3-5_genomic.fasta	0.0
Gillisia_sp_Hel1_33_143_genomic.fasta	0.0
Titti16_S3_contigs.fasta	0.0
Pseudoalteromonas_luteoviolacea_strain_S4054_genomic.fasta	0.8128271348727563
Shewanella_pealeana_ATCC_700345_genomic.fasta	0.0
Acinetobacter_venetianus_VE-C3_genomic.fasta	0.4058390033711298
Streptococcus_iniae_SF1_genomic.fasta	0.8128492984377943
Methanocaldococcus_sp_FS406-22_genomic.fasta	0.0
Synechococcus_sp_CC9311_genomic.fasta	4.064027645162614
Nitrosopumilus_maritimus_SCM1_genomic.fasta	0.0
14_S2_contigs.fasta	0.40601089930929696
Marinobacter_sp_BSs20148_genomic.fasta	0.4063865310486446
Maribacter_sp_MAR_2009_60_genomic.fasta	0.0
Spongiibacter_sp_IMCC21906_genomic.fasta	2.0318697636479044
Psychrobacter_sp_P11G3_genomic.fasta	0.812493507941406
Desulfococcus_multivorans_strain_DSM_2059_genomic.fasta	7.72152893118463
Vibrio_alginolyticus_strain_ATCC_33787_genomic.fasta	0.40637980485385
Brucella_ceti_TE10759-12_genomic.fasta	0.40643251216048637
Moorea_producens_PAL-8-15-08-1_genomic.fasta	0.0
Paenibacillus_sp_LPB0068_genomic.fasta	0.40637503463184715
Candidatus_Nitrosopelagicus_brevis_CN25_genomic.fasta	0.0
Thermosipho_sp_1063_genomic.fasta	0.0
GB02J45_S9_contigs.fasta	1.6222919976891317
Confluentimicrobium_sp_EMB200-NS6_genomic.fasta	2.031934498184055
Agarivorans_gilvus_strain_WH0801_genomic.fasta	0.4063984951323427
Alteromonas_macleodii_str_Aegean_Sea_MED64_genomic.fasta	6.0959336792541645
Leisingera_methylohalidivorans_DSM_14336_genomic.fasta	1.6248129164564071
Maribacter_sp_1_2014MBL_MicDiv_genomic.fasta	0.0
Alteromonas_mediterranea_strain_AR43_genomic.fasta	0.0
Vw7_S7_contigs.fasta	0.0
Cellulophaga_baltica_NN016038_genomic.fasta	0.0
MR4-96-2A_S5_contigs.fasta	0.0
Pelagibacterium_halotolerans_B2_genomic.fasta	0.0
Vibrio_nigripulchritudo_str_SFn1_genomic.fasta	4.470421166450179
A4_S4_contigs.fasta	0.0
Mesorhizobium_sp_B7_genomic.fasta	0.40639962498323806
Pyrococcus_horikoshii_OT3_genomic.fasta	0.0
Streptococcus_agalactiae_strain_GX026_genomic.fasta	0.0
S06_S2_contigs.fasta	2.434635485744191
MR4-25-2B_S6_contigs.fasta	2.030979518855505
Glaciecola_nitratireducens_FR1064_genomic.fasta	1.2191629396526076
Francisella_sp_FSC1006_genomic.fasta	0.0
Mv130624_S1_contigs.fasta	2.841501665652814
Cellulophaga_baltica_18_genomic.fasta	0.17080515526505757
T-2016-70-F4-2_S11_contigs.fasta	0.23506439525427414
Vibrio_tubiashii_ATCC_19109_genomic.fasta	1.625532593859797
Micromonospora_krabiensis_strain_DSM_45344_genomic.fasta	0.19734724705396123
ukjent1_S8_contigs.fasta	4.860697327968789
Piscirickettsia_salmonis_strain_PM37984A_genomic.fasta	0.0
Nitratifractor_salsuginis_DSM_16511_genomic.fasta	0.0
Vibrio_scophthalmi_strain_VS-05_genomic.fasta	2.4383637055649436
Flavobacterium_psychrophilum_strain_VQ50_genomic.fasta	0.4061462033702297
Methanohalophilus_halophilus_strain_Z-7982_genomic.fasta	0.0
NML_S2_contigs.fasta	0.4056296557213488
Yangia_sp_CCB-MM3_genomic.fasta	4.0636993934512144
Rhodococcus_sp_B7740_genomic.fasta	4.064038993866584
Methanoplanus_petrolearius_DSM_11571_genomic.fasta	0.0
Clostridium_stercorarium_subsp_thermolacticum_DSM_2910_genomic.fasta	0.8127491457272527
Hyphomonas_sp_Mor2_genomic.fasta	1.2192358958923863
Nonlabens_sp_Hel1_33_55_genomic.fasta	0.0
Alcanivorax_borkumensis_SK2_genomic.fasta	0.0
S28_S9_contigs.fasta	0.0
Pseudomonas_litoralis_strain_2SM5_genomic.fasta	0.0
Vibrio_breoganii_strain_FF50_genomic.fasta	0.0
Methanosarcina_acetivorans_C2A_genomic.fasta	0.0
Piscirickettsia_salmonis_strain_CGR02_genomic.fasta	0.0
MR4-64-2_S7_contigs.fasta	0.0
Thermococcus_sp_CL1_genomic.fasta	0.0
Glaciecola_sp_4H-3-7+YE-5_genomic.fasta	0.0
Corynebacterium_marinum_DSM_44953_genomic.fasta	0.0
Thermovirga_lienii_DSM_17291_genomic.fasta	0.0
Titti25_S5_contigs.fasta	0.40613153561837734
Winogradskyella_sp_PG-2_genomic.fasta	0.0
Flavobacterium_psychrophilum_FPG3_genomic.fasta	0.0
Zunongwangia_profunda_SM-A87_genomic.fasta	0.40640085737886367
3_S3_contigs.fasta	0.0
Methanococcus_aeolicus_Nankai-3_genomic.fasta	0.0
Synechococcus_sp_KORDI-100_genomic.fasta	0.40638207013909283
Geoglobus_acetivorans_SBH6_genomic.fasta	0.0
A-Hdes-10_S9_contigs.fasta	0.4044853505442783
Prochlorococcus_marinus_str_MIT_9312_genomic.fasta	0.0
Methanopyrus_kandleri_AV19_genomic.fasta	0.0
Altererythrobacter_dongtanensis_strain_KCTC_22672_genomic.fasta	0.0
Spiribacter_sp_UAH-SP71_genomic.fasta	127.20327493781895
Vw35_S3_contigs.fasta	0.0
Piscirickettsia_salmonis_strain_PM23019A_genomic.fasta	0.8127985006952422
Thermodesulfatator_indicus_DSM_15286_genomic.fasta	0.0
Methanosarcina_siciliae_T4_M_genomic.fasta	9.753667071976633
Dokdonia_sp_PRO95_genomic.fasta	0.0
33_S3_contigs.fasta	0.0
Vw5_S4_contigs.fasta	1.6160086183533835
Edwardsiella_tarda_080813_genomic.fasta	0.40631431664385115
Thermotoga_neapolitana_DSM_4359_genomic.fasta	0.40640721482911424
Alteromonas_sp_Mex14_genomic.fasta	0.0
Carnobacterium_sp_17-4_genomic.fasta	0.0
Ruminiclostridium_thermocellum_DSM_2360_strain_LQRI_genomic.fasta	0.8128120125895159
Marinithermus_hydrothermalis_DSM_14884_genomic.fasta	12.191605028803508
Halomonas_spR57-5_genomic.fasta	0.0
Bacteriovorax_marinus_SJ_genomic.fasta	1.2192301886002153
Marinobacter_hydrocarbonoclasticus_ATCC_49840_genomic.fasta	0.0
Marinobacter_sp_Hb8_genomic.fasta	0.0
Caldithrix_abyssi_DSM_13497_genomic.fasta	0.0
Stappia_sp_ES058_genomic.fasta	0.4063978315073423
Rhodothermus_marinus_SG05JP17-172_genomic.fasta	0.031042645997163273
Rhodothermus_marinus_DSM_4252_genomic.fasta	2.000951948453054
Sulfurovum_sp_NBC37-1_genomic.fasta	43.88973405696025
S13_S3_contigs.fasta	10.142676618718598
Methanocaldococcus_vulcanius_M7_genomic.fasta	1.2190802491630424
Hahella_chejuensis_KCTC_2396_genomic.fasta	0.812818040854477
Cyanothece_sp_ATCC_51142_genomic.fasta	0.0
Planktomarina_temperata_RCA23_genomic.fasta	1.1089001232618123
Nitrosococcus_halophilus_Nc_4_genomic.fasta	141.83056265938382
Alteromonas_macleodii_str_Ionian_Sea_U4_genomic.fasta	0.4062207608519608
Edwardsiella_tarda_EIB202_genomic.fasta	0.0
Actinoalloteichus_hymeniacidonis_strain_HPA177_DSM_45092_genomic.fasta	0.0
Vibrio_natriegens_strain_CCUG_16371_genomic.fasta	0.0
Aeropyrum_camini_SY1_JCM_12091_genomic.fasta	1.6255690024091554
Vw8_S10_contigs.fasta	2.838681509024767
Pseudoalteromonas_sp_SM9913_genomic.fasta	0.0
TiB_S10_contigs.fasta	0.0
Thermotoga_maritima_MSB8_4_genomic.fasta	0.0
Haloquadratum_walsbyi_C23_genomic.fasta	0.4063209156206285
Haliangium_ochraceum_DSM_14365_genomic.fasta	0.0
Thermococcus_eurythermalis_A501_genomic.fasta	1.219237453349105
13_S13_contigs.fasta	0.8125932105783855
KH11J01_S12_contigs.fasta	0.8061709211652943
Salmonella_enterica_subsp_enterica_serovar_Typhimurium_22792_genomic.fasta	0.0
Salmonella_enterica_subsp_enterica_serovar_Typhimurium_22495_genomic.fasta	0.0
Altererythrobacter_epoxidivorans_CGMCC_17731_genomic.fasta	0.0
Flexistipes_sinusarabici_DSM_4947_genomic.fasta	0.0
Piscirickettsia_salmonis_strain_PSCGR01_genomic.fasta	0.0
A-H1309-5II_S9_contigs.fasta	0.0
Thermococcus_sp_CDGS_genomic.fasta	0.0
Streptococcus_agalactiae_strain_GX064_genomic.fasta	0.0
Actinoalloteichus_sp_ADI127-7_genomic.fasta	0.0
Serinicoccus_sp_JLT9_genomic.fasta	0.4063773925298723
Salinibacter_ruber_DSM_13855_genomic.fasta	0.0
Prochlorococcus_sp_MIT_0801_genomic.fasta	1.2191556724949772
Candidatus_Vesicomyosocius_okutanii_HA_genomic.fasta	0.0
Halorhabdus_tiamatea_SARL4B_genomic.fasta	3.251105076949336
Halomonas_sp_A3H3_genomic.fasta	6.45858991661586
Lacinutrix_sp_5H-3-7-4_genomic.fasta	2.844757049775057
Titti23_S3_contigs.fasta	0.40508551279458177
Mv2528_S2_contigs.fasta	2.029738189687367
Spirochaeta_sp_L21-RPul-D2_genomic.fasta	0.0
Candidatus_Thioglobus_singularis_PS1_genomic.fasta	0.40638240899711753
Haloferax_mediterranei_ATCC_33500_genomic.fasta	1.2191436593978346
Pseudoalteromonas_atlantica_T6c_genomic.fasta	1.2192004404853205
Thermotoga_maritima_MSB8_1_genomic.fasta	1.6256305449309563
Archaeoglobus_profundus_DSM_5631_genomic.fasta	0.0
LAB19_S8_contigs.fasta	0.40616791036675504
LF22_S6_contigs.fasta	0.8124330389154624
Nonlabens_sp_MIC269_genomic.fasta	0.0
ukjent3_S10_contigs.fasta	1.6237765950206227
Nanoarchaeum_equitans_Kin4-M_genomic.fasta	4.469876916432736
Methanococcus_maripaludis_C7_genomic.fasta	0.8128301822930623
A6_S6_contigs.fasta	0.0
Marinobacterium_sp_ST58-10_genomic.fasta	0.8647030236676144
Vw12_S5_contigs.fasta	0.0
Alteromonas_mediterranea_strain_CP49_genomic.fasta	3.2511683873820196
Streptomyces_sp_PVA_94-07_genomic.fasta	0.40578935147724154
KCH3_S1_contigs.fasta	7.7122225969433265
Candidatus_Pelagibacter_sp_IMCC9063_genomic.fasta	0.0
Croceibacter_atlanticus_HTCC2559_genomic.fasta	0.0
Gramella_sp_MAR_2010_147_genomic.fasta	0.0
Lactococcus_garvieae_Lg2_genomic.fasta	0.0
10_S10_contigs.fasta	0.40592098806892685
Synechococcus_sp_WH_8020_genomic.fasta	0.4057242555615638
Halogeometricum_borinquense_DSM_11551_genomic.fasta	0.0
Wenyingzhuangia_fucanilytica_strain_CZ1127_genomic.fasta	0.6066427822347915
Dokdonia_donghaensis_DSW-1_genomic.fasta	0.20619652119267323
Mv3632_S3_contigs.fasta	2.507254761245025
Piscirickettsia_salmonis_strain_PM49811B_genomic.fasta	1.2189901340163811
MvHd15_S6_contigs.fasta	0.0
Bacillus_safensis_strain_KCTC_12796BP_genomic.fasta	0.0
Ferroglobus_placidus_DSM_10642_genomic.fasta	0.0
Vibrio_natriegens_NBRC_15636_ATCC_14048_DSM_759_genomic.fasta	0.0
V-H1309-5I_S5_contigs.fasta	1.2183382614461948
Sulfurimonas_autotrophica_DSM_16294_genomic.fasta	0.0
Rhodococcus_sp_008_genomic.fasta	0.0
Methanoculleus_marisnigri_JR1_genomic.fasta	5.688748889270902
TiE_S11_contigs.fasta	0.0
Marinobacter_adhaerens_HP15_genomic.fasta	0.40636529322664316
Desulfovibrio_piezophilus_strain_C1TLV30_genomic.fasta	0.0
Archaeoglobus_fulgidus_DSM_8774_genomic.fasta	6.5021707145225465
Shewanella_baltica_OS223_genomic.fasta	0.812743695750142
Cycloclasticus_zancles_78-ME_genomic.fasta	5.6893696152707705
Methanococcus_maripaludis_S2_genomic.fasta	0.0
Aeropyrum_pernix_K1_genomic.fasta	0.0
Muricauda_ruestringensis_DSM_13258_genomic.fasta	0.0
Candidatus_Nitrosopumilus_sp_D3C_genomic.fasta	0.0
Desulfovibrio_salexigens_DSM_2638_genomic.fasta	0.8127560696789257
Piscirickettsia_salmonis_strain_PM22180B_genomic.fasta	0.0
R2A2_S5_contigs.fasta	0.0
Vibrio_anguillarum_775_genomic.fasta	0.4063130545343984
Octadecabacter_temperatus_strain_SB1_genomic.fasta	0.4064474094912469
S18_S5_contigs.fasta	0.0
Geoglobus_ahangari_strain_234_genomic.fasta	0.0
Thermococcus_sp_ES1_genomic.fasta	0.40638633365053534
Shewanella_sp_MR-7_genomic.fasta	0.40638785108072123
Desulfotomaculum_reducens_MI-1_genomic.fasta	0.0
Titti27_S7_contigs.fasta	6.4892002257480925
Titti21_S1_contigs.fasta	1.5821197014427566
Aciduliprofundum_boonei_T469_genomic.fasta	2.43829109773544
Thermoplasma_volcanium_GSS1_genomic.fasta	0.0
Pseudovibrio_sp_FO-BEG1_genomic.fasta	0.0
Marinovum_algicola_DG_898_genomic.fasta	0.0
Roseobacter_denitrificans_OCh_114_genomic.fasta	1.6253562782901412
Titti19_S6_contigs.fasta	0.0
Methanococcus_voltae_A3_genomic.fasta	0.0
Prochlorococcus_marinus_str_MIT_9211_genomic.fasta	0.0
VO8_S14_contigs.fasta	0.8070911039758352
Erythrobacter_litoralis_strain_DSM_8509_genomic.fasta	15.84936614099849
Magnetospira_sp_QH-2_genomic.fasta	1.5443551441859593
Titti24_S4_contigs.fasta	0.08097433268381947
Agrococcus_jejuensis_strain_DSM_22002_genomic.fasta	0.4063903694481967
Vibrio_anguillarum_NB10_genomic.fasta	0.0
Streptococcus_parauberis_KCTC_11537_genomic.fasta	0.4063645115789631
Donghicola_sp_JLT3646_genomic.fasta	0.019636427415757184
Roseibacterium_elongatum_DSM_19469_genomic.fasta	0.7931400153581746
AW19M33_S12_contigs.fasta	0.40620593792189585
Vibrio_sp_Ex25_genomic.fasta	0.4064038973273078
Prochlorococcus_marinus_subsp_pastoris_str_CCMP1986_genomic.fasta	2.031977254400054
Piscirickettsia_salmonis_strain_PM25344B_genomic.fasta	0.8124468671368703
Ignicoccus_hospitalis_KIN4_I_genomic.fasta	0.0
GB02J46_S10_contigs.fasta	0.0
Planococcus_kocurii_strain_ATCC_43650_genomic.fasta	0.0
Phaeobacter_gallaeciensis_strain_JL2886_genomic.fasta	0.35054063223368587
Rhodobacter_sp_LPB0142_genomic.fasta	0.05586075015274424
Moritella_viscosa_06_09_139_genomic.fasta	2.0319238946287683
Piscirickettsia_salmonis_strain_AY6297B_genomic.fasta	1.6254621604446982
VO4_S11_contigs.fasta	0.808948582999802
V34_S3_contigs.fasta	0.0
Geobacillus_kaustophilus_HTA426_genomic.fasta	0.4064111703088541
Pseudoalteromonas_phenolica_strain_KCTC_12086_genomic.fasta	0.0
Desulfurobacterium_thermolithotrophum_DSM_11699_genomic.fasta	2.438181312335073
Altererythrobacter_namhicola_strain_JCM_16345_genomic.fasta	0.0
Shewanella_amazonensis_SB2B_genomic.fasta	0.0
Myxococcus_fulvus_HW-1_genomic.fasta	0.0
Ferrimonas_balearica_DSM_9799_genomic.fasta	0.0
Myroides_profundi_D25_genomic.fasta	0.0
Pyrobaculum_aerophilum_str_IM2_genomic.fasta	0.8127586413256475
Microbacterium_sp_LKL04_genomic.fasta	0.0
Thermococcus_sp_4557_genomic.fasta	2.8446975892957913
Dokdonia_sp_MED134_genomic.fasta	0.0
Maribacter_sp_HTCC2170_genomic.fasta	0.0
Neorickettsia_helminthoeca_str_Oregon_genomic.fasta	0.0
Pyrococcus_abyssi_GE5_genomic.fasta	1.6253873907799723
Geobacillus_sp_12AMOR1_genomic.fasta	0.40633509792388295
Piscirickettsia_salmonis_strain_AY3800B_genomic.fasta	0.0
Thiomicrospira_crunogena_XCL-2_genomic.fasta	0.4064282139525113
Rhodobacter_sphaeroides_strain_MBTLJ-13_genomic.fasta	2.1420482227033237
Denitrovibrio_acetiphilus_DSM_12809_genomic.fasta	0.0
Staphylothermus_hellenicus_DSM_12710_genomic.fasta	0.0
Nitrosococcus_oceani_ATCC_19707_genomic.fasta	46.328850417022515
Actinoalloteichus_sp_GBA129-24_genomic.fasta	0.0
Fibrella_aestuarina_strain_BUZ_2_genomic.fasta	0.0
V-H1309-2-4_S3_contigs.fasta	0.0
endosymbiont_of_unidentified_scaly_snail_isolate_Monju_genomic.fasta	1.6255543237250554
Salinibacter_ruber_M8_genomic.fasta	0.8126704477710069
Candidatus_Nitrosopumilus_sp_AR2_genomic.fasta	4.876557301233777
Acidobacteria_bacterium_Mor1_genomic.fasta	0.0
Francisella_sp_TX077310_genomic.fasta	0.0
Phycisphaera_mikurensis_NBRC_102666_genomic.fasta	0.8127931771918474
Vibrio_parahaemolyticus_UCM-V493_genomic.fasta	0.0
Vw130426_S9_contigs.fasta	0.0
Helicobacter_sp_MIT_01-6242_genomic.fasta	0.0
Flammeovirga_sp_MY04_genomic.fasta	3.6574246872959346
Rhodoferax_ferrireducens_T118_genomic.fasta	1.6256236436787508
Nocardiopsis_dassonvillei_strain_NOCA502F_genomic.fasta	0.8127928239289026
Titti15_S2_contigs.fasta	1.6245454302992055
Archaeoglobus_veneficus_SNP6_genomic.fasta	0.0
S19_S6_contigs.fasta	0.0
Campylobacter_lari_strain_Slaughter_Beach_genomic.fasta	0.0
Haloquadratum_walsbyi_DSM_16790_genomic.fasta	0.0
Pyrococcus_furiosus_DSM_3638_genomic.fasta	0.8127836030471787
Candidatus_Nitrosoarchaeum_limnia_SFB1_genomic.fasta	0.0
Methylomonas_methanica_MC09_genomic.fasta	6.095930028849797
Prochlorococcus_marinus_str_NATL1A_genomic.fasta	1.2191564256954888
Thermotoga_maritima_strain_Tma100_genomic.fasta	0.40644818628046153
Luteimonas_sp_JM171_genomic.fasta	4.870713825971125
Vibrio_coralliilyticus_strain_58_genomic.fasta	0.4063925543332146
Vibrio_furnissii_NCTC_11218_genomic.fasta	0.0
Alteromonas_australica_H_17_genomic.fasta	0.0
Ignicoccus_islandicus_DSM_13165_genomic.fasta	2.844554068539757
Pyrococcus_sp_ST04_genomic.fasta	0.0
Cellulophaga_algicola_DSM_14237_genomic.fasta	0.0
Formosa_sp_Hel3_A1_48_genomic.fasta	0.0
T-2016-70-F4-1_S12_contigs.fasta	0.0
Lacimicrobium_alkaliphilum_strain_KCTC_32984_genomic.fasta	0.0
Candidatus_Puniceispirillum_marinum_IMCC1322_genomic.fasta	0.0
Piscirickettsia_salmonis_strain_AY6492A_genomic.fasta	0.40629369170092444
Colwellia_psychrerythraea_34H_genomic.fasta	4.470424502729389
MC8_S4_contigs.fasta	0.0
Alteromonas_stellipolaris_strain_PQQ-44_genomic.fasta	0.3747250554971746
Alteromonas_macleodii_AltDE1_genomic.fasta	0.031654736173136445
A22_S22_contigs.fasta	0.0
Polaribacter_sp_Hel1_33_78_genomic.fasta	0.8127514774201623
Saccharophagus_degradans_2-40_genomic.fasta	0.0
Haloferax_gibbonsii_strain_ARA6_genomic.fasta	0.0
MC4_S2_contigs.fasta	0.0
Synechococcus_sp_KORDI-49_genomic.fasta	0.0
Citromicrobium_sp_JL477_genomic.fasta	0.8127666104035599
Sphingopyxis_sp_LPB0140_genomic.fasta	0.0
Thermococcus_sp_AM4_genomic.fasta	2.4383288384124264
VSalm554_S15_contigs.fasta	0.0
Rivularia_sp_PCC_7116_genomic.fasta	0.4064144632453538
TiA_S9_contigs.fasta	1.6247177199186889
Oceanobacillus_iheyensis_HTE831_genomic.fasta	1.2191611745836488
Paraglaciecola_psychrophila_170_genomic.fasta	0.761790659682893
Marinobacter_aquaeolei_VT8_genomic.fasta	0.8638294409157944
Francisella_noatunensis_subsp_orientalis_LADL-07-285A_genomic.fasta	0.8128616214843776
Pseudomonas_stutzeri_strain_273_genomic.fasta	0.40638520706166104
Planococcus_antarcticus_DSM_14505_genomic.fasta	0.0
Weissella_ceti_strain_WS74_genomic.fasta	0.0
12_S12_contigs.fasta	5.65372329676589
Methylophaga_sp_JAM1_genomic.fasta	0.0
A-H1309-4-3_S10_contigs.fasta	0.8113015620334546
Spiribacter_salinus_M19-40_genomic.fasta	41.45133510550231
Nonlabens_marinus_S1-08_genomic.fasta	0.0
Methylophilales_bacterium_MBRSH7_genomic.fasta	1.6254141147147654
Salegentibacter_sp_T436_genomic.fasta	0.0
Formosa_sp_Hel1_33_131_genomic.fasta	0.0
Titti28_S8_contigs.fasta	0.8125626332186597
Methanococcus_vannielii_SB_genomic.fasta	0.0
Shewanella_sp_ANA-3_genomic.fasta	5.68961409764381
12_S1_contigs.fasta	0.4051009941527774
Kosmotoga_pacifica_strain_SLHLJ1_genomic.fasta	0.0
Deferribacter_desulfuricans_SSM1_genomic.fasta	0.0
Vibrio_campbellii_ATCC_BAA-1116_genomic.fasta	0.0
Thermosipho_melanesiensis_BI429_genomic.fasta	0.40647668515522084
Haloarcula_sp_CBA1115_genomic.fasta	0.0
Shewanella_sp_W3-18-1_genomic.fasta	0.0
Streptomyces_sp_CNQ-509_genomic.fasta	0.0
Arcanobacterium_phocae_strain_DSM_10002_genomic.fasta	0.4063866913738032
4_S4_contigs.fasta	0.0
Tenacibaculum_sp_LPB0136_genomic.fasta	0.8127943232907637
Pseudomonas_xanthomarina_strain_LMG_23572_genomic.fasta	0.0
Alteromonas_sp_RW2A1_genomic.fasta	2.9301913087545928
Alteromonas_macleodii_str_Ionian_Sea_UM4b_genomic.fasta	4.383851555206309
Octadecabacter_arcticus_238_genomic.fasta	0.0
Thermotoga_sp_2812B_genomic.fasta	0.0
Gramella_sp_LPB0144_genomic.fasta	0.0
Edwardsiella_piscicida_strain_S11-285_genomic.fasta	0.40636472539248564
2_S2_contigs.fasta	0.0
Flavobacterium_psychrophilum_strain_CSF259-93_genomic.fasta	0.0
Vibrio_fischeri_ES114_genomic.fasta	0.0
MR4-25-2A-1A_S4_contigs.fasta	0.0
Thermococcus_nautili_strain_30-1_genomic.fasta	0.8127074207746879
Cellulophaga_lytica_strain_DAU203_genomic.fasta	0.0
Synechococcus_sp_WH_8109_genomic.fasta	0.0
Magnetococcus_marinus_MC-1_genomic.fasta	6.502313128577912
Tenacibaculum_dicentrarchi_strain_AY7486TD_genomic.fasta	0.0
Thermotoga_maritima_MSB8_2_genomic.fasta	0.0
Sulfobacillus_acidophilus_TPY_genomic.fasta	3.2511481307623016
Methylophilales_bacterium_MBRSF5_genomic.fasta	2.0318349637634294
Bacillus_sp_Alg07_genomic.fasta	0.0
Verrucosispora_maris_AB-18-032_genomic.fasta	4.163111650866156
Salinispora_tropica_CNB-440_genomic.fasta	10.467321020532738
Flavobacterium_psychrophilum_FPG101_genomic.fasta	0.0
Thermococcus_gammatolerans_EJ3_genomic.fasta	0.8128328441962825
Thalassolituus_oleivorans_MIL-1_genomic.fasta	0.40641997138505465
Bacillus_velezensis_strain_9912D_genomic.fasta	0.40640544778510446
Mycobacterium_rhodesiae_NBB3_genomic.fasta	0.0
Cellulophaga_lytica_strain_HI1_genomic.fasta	0.0
15_S3_contigs.fasta	0.0
Novosphingobium_sp_PP1Y_genomic.fasta	0.0
Brucella_pinnipedialis_B2_94_genomic.fasta	0.0
Candidatus_Ruthia_magnifica_str_Cm_Calyptogena_magnifica_genomic.fasta	0.0
Bacillus_infantis_NRRL_B-14911_genomic.fasta	1.6255608823771464
A-Hdes-11_S10_contigs.fasta	0.0
Mollicutes_bacterium_Candidatus_Izimaplasma_HR1_genomic.fasta	0.8126208259169995
Streptococcus_iniae_strain_YSFST01-82_genomic.fasta	0.0
Trichodesmium_erythraeum_IMS101_genomic.fasta	0.0
Synechococcus_sp_WH_8103_genomic.fasta	0.0
alpha_proteobacterium_HIMB59_genomic.fasta	0.0
R8-63_S2_contigs.fasta	0.8113173917247997
Owenweeksia_hongkongensis_DSM_17368_genomic.fasta	0.0
Psychroflexus_torquis_ATCC_700755_genomic.fasta	0.0
Erythrobacter_gangjinensis_strain_JCM_15420_genomic.fasta	0.40635578167982406
Shewanella_frigidimarina_NCIMB_400_genomic.fasta	0.40641798641063076
Bacillus_sp_Pc3_genomic.fasta	0.8127982514052016
Mehyloceanibacter_caenitepidi_Gela4_genomic.fasta	2.4383898813564517
Draconibacterium_orientale_strain_FH5_genomic.fasta	0.0
T-219_S4_contigs.fasta	0.0
Aciduliprofundum_sp_MAR08-339_genomic.fasta	0.40644607752744955
Shewanella_loihica_PV-4_genomic.fasta	0.8128023430260538
Vibrio_natriegens_strain_CCUG_16373_genomic.fasta	4.063976558867733
Kangiella_geojedonensis_strain_YCS-5_genomic.fasta	2.4383597108578203
A3_S3_contigs.fasta	6.472248956273088
Aeromonas_salmonicida_subsp_salmonicida_A449_genomic.fasta	2.438133079868276
Pseudomonas_balearica_DSM_6083_genomic.fasta	1.2192364926413506
Desulfovibrio_desulfuricans_ND132_genomic.fasta	2.438357520549653
11_S11_contigs.fasta	38.54250779696608
Hyperthermus_butylicus_DSM_5456_genomic.fasta	90.21895866273503
Shewanella_baltica_OS678_genomic.fasta	0.0
Cenarchaeum_symbiosum_A_genomic.fasta	0.4058996023152071
Alteromonas_macleodii_str_Ionian_Sea_UM7_genomic.fasta	0.0
Candidatus_Endolissoclinum_faulkneri_L5_genomic.fasta	19.100680412764866
Yersinia_ruckeri_YRB_genomic.fasta	0.0
Piscirickettsia_salmonis_strain_PM31429B_genomic.fasta	0.8126813792373732
Alcanivorax_dieselolei_B5_genomic.fasta	0.0
Halolamina_sediminis_strain_halo7_genomic.fasta	0.40643769665558127
Marinobacter_salarius_R9SW1_genomic.fasta	3.2511410619181103
Vw27_S8_contigs.fasta	0.0
Persephonella_marina_EX-H1_genomic.fasta	0.4064583735515762
Titti22_S2_contigs.fasta	0.0
T-280_S9_contigs.fasta	0.0
Flavobacterium_psychrophilum_V4-24_genomic.fasta	0.0
Prochlorococcus_marinus_str_MIT_9215_genomic.fasta	0.0
Synechococcus_sp_RCC307_genomic.fasta	0.0
T-217_S6_contigs.fasta	0.0
RNODE_343_length_2376_cov_8.77188.fasta	325.3610875106202
RNODE_146_length_5606_cov_4.42067.fasta	290.54441260744983
RNODE_234_length_1595_cov_9.13223.fasta	196.8213604577241
RNODE_372_length_2448_cov_3.45466.fasta	114.75680131904369
RNODE_109_length_1521_cov_3.43229.fasta	103.66911274182789
RNODE_74_length_1811_cov_7.67971.fasta	95.24874231414198
RNODE_125_length_3363_cov_4.82640.fasta	97.69530080814127
RNODE_254_length_2341_cov_33.31005.fasta	100.77619663648125
RNODE_528_length_4221_cov_4.74329.fasta	82.81062963849652
RNODE_171_length_3474_cov_9.39716.fasta	82.12630359212051
RNODE_314_length_6164_cov_50.81211.fasta	52.26310647997395
RNODE_411_length_4317_cov_4.49267.fasta	47.9860302677532
RNODE_431_length_1803_cov_5.36772.fasta	45.19613416714042
RNODE_14_length_1961_cov_5.54358.fasta	30.63434760185663
RNODE_451_length_4052_cov_6.62773.fasta	33.9030612244898
RNODE_559_length_3361_cov_13.97064.fasta	28.670485378353934
RNODE_534_length_10183_cov_8.47628.fasta	30.979386527270933
RNODE_56_length_2028_cov_4.74177.fasta	24.52642073778664
RNODE_227_length_4381_cov_5.48337.fasta	30.07570543702684
RNODE_496_length_8599_cov_9.53327.fasta	22.969023962594974
RNODE_24_length_2639_cov_14.02331.fasta	26.595338173481085
RNODE_322_length_4175_cov_18.22923.fasta	24.632795569467856
RNODE_32_length_11742_cov_6.79514.fasta	21.629692832764505
RNODE_60_length_1811_cov_3.41811.fasta	22.302962548910006
RNODE_404_length_3462_cov_2.92616.fasta	27.209302325581394
RNODE_220_length_2011_cov_9.40825.fasta	20.361990950226243
RNODE_562_length_2033_cov_5.34232.fasta	21.116138763197586
RNODE_54_length_5865_cov_60.48297.fasta	19.61321239089509
RNODE_294_length_6942_cov_7.24595.fasta	20.679190751445088
RNODE_133_length_1956_cov_5.95398.fasta	18.14891416752844
RNODE_224_length_2083_cov_4.45463.fasta	15.429403202328967
RNODE_487_length_5196_cov_22.71473.fasta	19.914596273291924
RNODE_394_length_3642_cov_5.12873.fasta	18.314917127071823
RNODE_38_length_1552_cov_8.47059.fasta	18.627450980392158
RNODE_532_length_1573_cov_5.21419.fasta	15.527538155275382
RNODE_498_length_2044_cov_7.98216.fasta	14.110429447852761
RNODE_468_length_1541_cov_8.66960.fasta	16.03206412825651
RNODE_362_length_3387_cov_8.21902.fasta	14.353640416047549
RNODE_93_length_1501_cov_3.34415.fasta	17.44421906693712
RNODE_259_length_1574_cov_100.84149.fasta	18.943298969072163
RNODE_156_length_3948_cov_63.43887.fasta	17.422312786551196
RNODE_290_length_1262_cov_19.53548.fasta	13.790322580645162
RNODE_531_length_9868_cov_8.44904.fasta	15.66571661237785
RNODE_515_length_1754_cov_11.73892.fasta	15.263157894736842
RNODE_530_length_2571_cov_32.65278.fasta	13.892215568862275
RNODE_225_length_25884_cov_6.69550.fasta	14.534838759570025
RNODE_323_length_1696_cov_4.05556.fasta	15.949820788530467
RNODE_228_length_3093_cov_6.42006.fasta	13.187886681862585
RNODE_350_length_2314_cov_37.19546.fasta	12.172774869109947
RNODE_50_length_1796_cov_6.24352.fasta	13.528748590755356
RNODE_360_length_7414_cov_9.06737.fasta	12.337662337662337
RNODE_251_length_2763_cov_28.99562.fasta	10.944910616563298
RNODE_159_length_3592_cov_2.43025.fasta	9.915966386554622
RNODE_315_length_1516_cov_8.44846.fasta	12.85140562248996
RNODE_149_length_1949_cov_4.19357.fasta	10.43072132848988
RNODE_428_length_4686_cov_43.92415.fasta	11.56828953037484
RNODE_25_length_1750_cov_3.28993.fasta	10.416666666666666
RNODE_89_length_4251_cov_3.70418.fasta	9.789548356585481
RNODE_67_length_1419_cov_2.86686.fasta	9.87831066571224
RNODE_147_length_1816_cov_3.48216.fasta	9.698996655518394
RNODE_134_length_2327_cov_32.11800.fasta	11.323210412147505
RNODE_218_length_1465_cov_7.29868.fasta	8.93970893970894
RNODE_258_length_1627_cov_2.34517.fasta	9.158878504672897
RNODE_339_length_1478_cov_5.31250.fasta	8.653846153846153
RNODE_139_length_3589_cov_11.15335.fasta	8.494533221194281
RNODE_576_length_3043_cov_26.79081.fasta	10.803601200400132
RNODE_324_length_1537_cov_10.20528.fasta	11.089108910891088
RNODE_443_length_1591_cov_6.87251.fasta	11.247575953458306
RNODE_435_length_5602_cov_25.16136.fasta	9.826054774241303
RNODE_114_length_10406_cov_5.47746.fasta	9.678351309707242
RNODE_513_length_2330_cov_8.01964.fasta	7.086614173228346
RNODE_474_length_1569_cov_5.24895.fasta	9.639344262295081
RNODE_393_length_3465_cov_6.98635.fasta	8.01626488527447
RNODE_383_length_2253_cov_7.64097.fasta	9.950694755714926
RNODE_442_length_4465_cov_7.11694.fasta	7.059629883481837
RNODE_291_length_2033_cov_2.59025.fasta	7.608155146693187
RNODE_355_length_1663_cov_6.12066.fasta	7.678244972577697
RNODE_407_length_46658_cov_49.66972.fasta	7.6871944420619265
RNODE_65_length_5443_cov_3.51540.fasta	8.35639180962922
RNODE_158_length_1640_cov_4.51607.fasta	6.6749072929542645
RNODE_308_length_1875_cov_5.96654.fasta	6.799784133837021
RNODE_434_length_14801_cov_23.79494.fasta	7.440536694450092
RNODE_235_length_2608_cov_55.03480.fasta	7.3085846867749416
RNODE_521_length_36130_cov_13.94678.fasta	7.548633819209666
RNODE_320_length_4859_cov_4.38495.fasta	6.512301013024602
RNODE_5_length_4125_cov_14.53571.fasta	5.922495734828175
RNODE_243_length_1453_cov_2.63382.fasta	7.966457023060797
RNODE_277_length_1592_cov_15.82548.fasta	7.452229299363057
RNODE_309_length_1659_cov_3.16188.fasta	5.31459987782529
RNODE_444_length_4937_cov_48.00188.fasta	7.112201103617412
RNODE_150_length_1379_cov_3.97642.fasta	5.52689756816507
RNODE_180_length_2647_cov_2.76800.fasta	5.6
RNODE_31_length_1357_cov_12.09363.fasta	5.842696629213483
RNODE_248_length_5318_cov_4.74604.fasta	5.211480362537764
RNODE_417_length_2670_cov_14.84403.fasta	5.438066465256798
RNODE_367_length_2322_cov_4.57652.fasta	6.260869565217392
RNODE_338_length_1509_cov_4.27236.fasta	4.640215198386012
RNODE_108_length_2015_cov_7.02007.fasta	6.171600602107376
RNODE_279_length_3658_cov_27.56711.fasta	6.518151815181518
RNODE_193_length_1789_cov_7.19864.fasta	5.432937181663837
RNODE_107_length_1496_cov_161.33989.fasta	5.495251017639077
RNODE_91_length_2298_cov_6.78822.fasta	6.72231985940246
RNODE_36_length_1303_cov_4.84934.fasta	6.323185011709602
RNODE_418_length_1505_cov_4.15172.fasta	5.057316250842886
RNODE_462_length_1528_cov_6.07822.fasta	6.2668463611859835
RNODE_429_length_2129_cov_51.99106.fasta	6.159238858287432
RNODE_10_length_6468_cov_8.06035.fasta	6.376047161030097
RNODE_440_length_3551_cov_9.74435.fasta	5.9880239520958085
RNODE_392_length_2136_cov_7.00284.fasta	6.102175969725638
RNODE_346_length_1757_cov_2.65187.fasta	4.322766570605188
RNODE_563_length_5038_cov_7.26694.fasta	5.046055266319583
RNODE_18_length_1746_cov_2.65719.fasta	5.046403712296984
RNODE_408_length_3585_cov_3.79764.fasta	4.546730283468987
RNODE_100_length_1999_cov_6.33080.fasta	5.614567526555387
RNODE_200_length_4574_cov_2.94178.fasta	4.8110720562390155
RNODE_539_length_1827_cov_6.73752.fasta	5.047672462142456
RNODE_263_length_2277_cov_8.44168.fasta	4.390243902439025
RNODE_110_length_1672_cov_10.73939.fasta	4.909090909090909
RNODE_386_length_2437_cov_8.66377.fasta	5.714285714285714
RNODE_368_length_1901_cov_5.06386.fasta	4.789781798829164
RNODE_491_length_3124_cov_17.57383.fasta	5.064935064935065
RNODE_229_length_2135_cov_3.06673.fasta	5.679129200189304
RNODE_493_length_3152_cov_5.77526.fasta	4.601827676240209
RNODE_127_length_1885_cov_8.56361.fasta	4.3478260869565215
RNODE_587_length_4088_cov_9.08425.fasta	5.1
RNODE_33_length_1778_cov_2.60592.fasta	4.783599088838269
RNODE_415_length_2147_cov_6.45506.fasta	4.376470588235295
RNODE_551_length_4193_cov_74.72016.fasta	4.6276211135213305
RNODE_336_length_3563_cov_7.20249.fasta	5.337475289466252
RNODE_361_length_3164_cov_8.88447.fasta	4.8695098663271805
RNODE_68_length_2493_cov_6.03116.fasta	3.5208417644678267
RNODE_55_length_2901_cov_27.42654.fasta	4.063911080236193
RNODE_337_length_8771_cov_5.18162.fasta	3.634701108698137
RNODE_497_length_1925_cov_6.51336.fasta	4.30622009569378
RNODE_374_length_1862_cov_9.75489.fasta	4.076086956521739
RNODE_311_length_2760_cov_6.45983.fasta	4.054054054054054
RNODE_207_length_2195_cov_3.75886.fasta	4.555913483663138
RNODE_459_length_2383_cov_4.68776.fasta	4.052287581699346
RNODE_439_length_4196_cov_56.49278.fasta	4.118497109826589
RNODE_557_length_1525_cov_6.72562.fasta	3.701165181631254
RNODE_283_length_5699_cov_25.39792.fasta	4.174740179672362
RNODE_137_length_1431_cov_4.57559.fasta	3.8325053229240598
RNODE_205_length_1591_cov_9.63735.fasta	3.632887189292543
RNODE_266_length_6653_cov_7.97753.fasta	3.709847685115367
RNODE_423_length_1943_cov_28.57781.fasta	3.719676549865229
RNODE_98_length_2627_cov_21.08829.fasta	3.45489443378119
RNODE_48_length_3658_cov_14.59323.fasta	4.125412541254126
RNODE_522_length_1263_cov_12.38809.fasta	4.183757178014766
RNODE_585_length_3212_cov_16.01628.fasta	4.734848484848484
RNODE_540_length_1564_cov_3.03735.fasta	4.5394736842105265
RNODE_476_length_1618_cov_4.36943.fasta	4.383735705209657
RNODE_537_length_3389_cov_22.49108.fasta	4.725840654347167
RNODE_481_length_3960_cov_68.08874.fasta	5.113636363636363
RNODE_544_length_1578_cov_361.93923.fasta	3.5714285714285716
RNODE_565_length_1563_cov_11.71995.fasta	3.3574720210664912
RNODE_364_length_1571_cov_3.81278.fasta	2.711426726920594
RNODE_512_length_1592_cov_43.29688.fasta	3.488372093023256
RNODE_420_length_1334_cov_5.52134.fasta	2.7439024390243905
RNODE_464_length_2364_cov_17.83117.fasta	3.133159268929504
RNODE_142_length_2406_cov_5.09941.fasta	2.7684563758389262
RNODE_479_length_5023_cov_17.63107.fasta	3.072906206065475
RNODE_94_length_3002_cov_6.48725.fasta	2.5167785234899327
RNODE_381_length_1819_cov_13.04118.fasta	3.1719532554257097
RNODE_359_length_13543_cov_22.66711.fasta	2.7512757932105614
RNODE_17_length_1254_cov_4.43994.fasta	2.6785714285714284
RNODE_509_length_6803_cov_457.59293.fasta	2.9680707540098936
RNODE_342_length_1543_cov_10.88823.fasta	2.7613412228796843
RNODE_560_length_3911_cov_3.86563.fasta	3.2583397982932505
RNODE_40_length_6491_cov_8.96924.fasta	2.921626217344257
RNODE_396_length_4766_cov_5.16589.fasta	2.9721753794266443
RNODE_456_length_1695_cov_36.79753.fasta	2.9869321717485997
RNODE_523_length_7269_cov_4.49610.fasta	2.782006920415225
RNODE_73_length_2194_cov_7.49125.fasta	3.0386740331491713
RNODE_166_length_2298_cov_14.88049.fasta	3.4270650263620386
RNODE_584_length_2761_cov_46.10439.fasta	3.0916451969083547
RNODE_78_length_5103_cov_8.24306.fasta	3.0702617594961623
RNODE_173_length_1764_cov_3.34845.fasta	3.0998851894374284
RNODE_527_length_1767_cov_4.22840.fasta	3.134068485200232
RNODE_90_length_1469_cov_9.25017.fasta	2.902557014512785
RNODE_366_length_2053_cov_8.47415.fasta	3.397341211225997
RNODE_62_length_3589_cov_56.75862.fasta	2.859545836837679
RNODE_470_length_2095_cov_7.42232.fasta	3.0716723549488054
RNODE_400_length_5708_cov_9.81991.fasta	2.849103060147731
RNODE_154_length_1869_cov_12.27991.fasta	3.2485110990795887
RNODE_341_length_3219_cov_3.63466.fasta	3.3781670315921177
RNODE_564_length_8758_cov_6.46781.fasta	3.2361716777599265
RNODE_390_length_5825_cov_8.78167.fasta	3.0501464759607098
RNODE_307_length_2104_cov_13.21902.fasta	2.881844380403458
RNODE_126_length_3157_cov_3.75885.fasta	2.77511961722488
RNODE_265_length_1287_cov_4.20553.fasta	3.08300395256917
RNODE_318_length_3470_cov_3.16589.fasta	3.3062645011600926
RNODE_583_length_3095_cov_44.70980.fasta	2.949852507374631
RNODE_485_length_1877_cov_10.53943.fasta	2.2913256955810146
RNODE_518_length_1369_cov_4.72490.fasta	1.8113207547169812
RNODE_122_length_6709_cov_4.03320.fasta	1.8842530282637955
RNODE_455_length_4124_cov_9.17267.fasta	2.155599603567889
RNODE_116_length_4192_cov_3.28201.fasta	2.2302158273381294
RNODE_432_length_14865_cov_28.53268.fasta	1.8557541975392564
RNODE_436_length_6429_cov_48.44919.fasta	2.208300704776821
RNODE_524_length_1679_cov_2.99128.fasta	1.651376146788991
