sample	coverage	taxonomy
CAMI2_marine0-R1	0.8	Root; d__Archaea
CAMI2_marine0-R1	4.46	Root; d__Bacteria
CAMI2_marine0-R1	1.71	Root; d__Archaea; p__Thermoproteota
CAMI2_marine0-R1	0.25	Root; d__Archaea; p__Halobacteriota
CAMI2_marine0-R1	0.57	Root; d__Bacteria; p__Bacteroidota
CAMI2_marine0-R1	0.57	Root; d__Bacteria; p__Actinobacteriota
CAMI2_marine0-R1	0.4	Root; d__Bacteria; p__Campylobacterota
CAMI2_marine0-R1	0.06	Root; d__Bacteria; p__Firmicutes_A
CAMI2_marine0-R1	0.06	Root; d__Bacteria; p__Desulfobacterota
CAMI2_marine0-R1	0.06	Root; d__Bacteria; p__Bdellovibrionota
CAMI2_marine0-R1	0.11	Root; d__Bacteria; p__Aquificota
CAMI2_marine0-R1	0.11	Root; d__Bacteria; p__Firmicutes_E
CAMI2_marine0-R1	0.27	Root; d__Archaea; p__Thermoproteota; c__Thermoproteia
CAMI2_marine0-R1	0.16	Root; d__Archaea; p__Nanoarchaeota; c__Nanoarchaeia
CAMI2_marine0-R1	0.11	Root; d__Archaea; p__Thermoplasmatota; c__Thermoplasmata
CAMI2_marine0-R1	0.11	Root; d__Archaea; p__Micrarchaeota; c__Micrarchaeia
CAMI2_marine0-R1	0.1	Root; d__Archaea; p__Aenigmatarchaeota; c__Aenigmatarchaeia
CAMI2_marine0-R1	0.74	Root; d__Bacteria; p__Proteobacteria; c__Alphaproteobacteria
CAMI2_marine0-R1	1.36	Root; d__Bacteria; p__Firmicutes; c__Bacilli
CAMI2_marine0-R1	0.29	Root; d__Bacteria; p__Thermotogota; c__Thermotogae
CAMI2_marine0-R1	0.51	Root; d__Bacteria; p__Bacteroidota; c__Bacteroidia
CAMI2_marine0-R1	1.02	Root; d__Bacteria; p__Cyanobacteria; c__Cyanobacteriia
CAMI2_marine0-R1	0.16	Root; d__Bacteria; p__Actinobacteriota; c__Actinomycetia
CAMI2_marine0-R1	0.17	Root; d__Bacteria; p__Campylobacterota; c__Campylobacteria
CAMI2_marine0-R1	0.23	Root; d__Bacteria; p__Firmicutes_A; c__Clostridia
CAMI2_marine0-R1	0.58	Root; d__Archaea; p__Thermoproteota; c__Thermoproteia; o__Sulfolobales
CAMI2_marine0-R1	0.34	Root; d__Archaea; p__Halobacteriota; c__Halobacteria; o__Halobacteriales
CAMI2_marine0-R1	0.33	Root; d__Archaea; p__Methanobacteriota_A; c__Methanococci; o__Methanococcales
CAMI2_marine0-R1	2.15	Root; d__Bacteria; p__Proteobacteria; c__Gammaproteobacteria; o__Pseudomonadales
CAMI2_marine0-R1	0.17	Root; d__Bacteria; p__Proteobacteria; c__Gammaproteobacteria; o__Chromatiales
CAMI2_marine0-R1	0.45	Root; d__Bacteria; p__Proteobacteria; c__Gammaproteobacteria; o__Methylococcales
CAMI2_marine0-R1	0.17	Root; d__Bacteria; p__Proteobacteria; c__Gammaproteobacteria; o__Nitrosococcales
CAMI2_marine0-R1	0.23	Root; d__Bacteria; p__Proteobacteria; c__Gammaproteobacteria; o__Burkholderiales
CAMI2_marine0-R1	0.4	Root; d__Bacteria; p__Proteobacteria; c__Alphaproteobacteria; o__Caulobacterales
CAMI2_marine0-R1	0.63	Root; d__Bacteria; p__Proteobacteria; c__Alphaproteobacteria; o__Rhizobiales
CAMI2_marine0-R1	0.11	Root; d__Bacteria; p__Proteobacteria; c__Alphaproteobacteria; o__Rhodospirillales
CAMI2_marine0-R1	0.17	Root; d__Bacteria; p__Firmicutes; c__Bacilli; o__Bacillales
CAMI2_marine0-R1	0.17	Root; d__Bacteria; p__Firmicutes; c__Bacilli; o__Lactobacillales
CAMI2_marine0-R1	0.17	Root; d__Bacteria; p__Thermotogota; c__Thermotogae; o__Thermotogales
CAMI2_marine0-R1	0.11	Root; d__Bacteria; p__Bacteroidota; c__Chlorobia; o__Chlorobiales
CAMI2_marine0-R1	0.57	Root; d__Bacteria; p__Bacteroidota; c__Bacteroidia; o__Cytophagales
CAMI2_marine0-R1	0.17	Root; d__Bacteria; p__Bacteroidota; c__Rhodothermia; o__Rhodothermales
CAMI2_marine0-R1	0.34	Root; d__Bacteria; p__Cyanobacteria; c__Cyanobacteriia; o__Cyanobacteriales
CAMI2_marine0-R1	0.17	Root; d__Bacteria; p__Actinobacteriota; c__Actinomycetia; o__Mycobacteriales
CAMI2_marine0-R1	0.97	Root; d__Bacteria; p__Actinobacteriota; c__Actinomycetia; o__Actinomycetales
CAMI2_marine0-R1	0.06	Root; d__Bacteria; p__Actinobacteriota; c__Acidimicrobiia; o__Acidimicrobiales
CAMI2_marine0-R1	0.51	Root; d__Bacteria; p__Campylobacterota; c__Campylobacteria; o__Campylobacterales
CAMI2_marine0-R1	0.11	Root; d__Bacteria; p__Firmicutes_A; c__Clostridia; o__Acetivibrionales
CAMI2_marine0-R1	0.17	Root; d__Bacteria; p__Desulfobacterota; c__Desulfobacteria; o__Desulfobacterales
CAMI2_marine0-R1	0.06	Root; d__Bacteria; p__Deinococcota; c__Deinococci; o__Deinococcales
CAMI2_marine0-R1	0.11	Root; d__Archaea; p__Thermoproteota; c__Nitrososphaeria; o__Nitrososphaerales; f__Nitrosopumilaceae
CAMI2_marine0-R1	0.16	Root; d__Archaea; p__Thermoproteota; c__Thermoproteia; o__Sulfolobales; f__Acidilobaceae
CAMI2_marine0-R1	0.33	Root; d__Archaea; p__Methanobacteriota_B; c__Thermococci; o__Thermococcales; f__Thermococcaceae
CAMI2_marine0-R1	0.53	Root; d__Archaea; p__Halobacteriota; c__Methanosarcinia; o__Methanosarcinales; f__Methanosarcinaceae
CAMI2_marine0-R1	0.1	Root; d__Archaea; p__Halobacteriota; c__Halobacteria; o__Halobacteriales; f__Haloarculaceae
CAMI2_marine0-R1	0.29	Root; d__Archaea; p__Halobacteriota; c__Halobacteria; o__Halobacteriales; f__Haloferacaceae
CAMI2_marine0-R1	0.11	Root; d__Archaea; p__Halobacteriota; c__Archaeoglobi; o__Archaeoglobales; f__Archaeoglobaceae
CAMI2_marine0-R1	0.73	Root; d__Bacteria; p__Proteobacteria; c__Gammaproteobacteria; o__Enterobacterales; f__Vibrionaceae
CAMI2_marine0-R1	1.53	Root; d__Bacteria; p__Proteobacteria; c__Gammaproteobacteria; o__Enterobacterales; f__Alteromonadaceae
CAMI2_marine0-R1	0.47	Root; d__Bacteria; p__Proteobacteria; c__Gammaproteobacteria; o__Enterobacterales; f__Enterobacteriaceae
CAMI2_marine0-R1	0.06	Root; d__Bacteria; p__Proteobacteria; c__Gammaproteobacteria; o__Pseudomonadales; f__DSM-6294
CAMI2_marine0-R1	0.17	Root; d__Bacteria; p__Proteobacteria; c__Gammaproteobacteria; o__Pseudomonadales; f__Moraxellaceae
CAMI2_marine0-R1	0.23	Root; d__Bacteria; p__Proteobacteria; c__Gammaproteobacteria; o__Pseudomonadales; f__Pseudomonadaceae
CAMI2_marine0-R1	0.11	Root; d__Bacteria; p__Proteobacteria; c__Gammaproteobacteria; o__Chromatiales; f__Chromatiaceae
CAMI2_marine0-R1	0.28	Root; d__Bacteria; p__Proteobacteria; c__Gammaproteobacteria; o__Chromatiales; f__Sedimenticolaceae
CAMI2_marine0-R1	0.57	Root; d__Bacteria; p__Proteobacteria; c__Gammaproteobacteria; o__Burkholderiales; f__Burkholderiaceae
CAMI2_marine0-R1	0.4	Root; d__Bacteria; p__Proteobacteria; c__Alphaproteobacteria; o__Caulobacterales; f__Hyphomonadaceae
CAMI2_marine0-R1	2.35	Root; d__Bacteria; p__Proteobacteria; c__Alphaproteobacteria; o__Rhodobacterales; f__Rhodobacteraceae
CAMI2_marine0-R1	0.23	Root; d__Bacteria; p__Proteobacteria; c__Alphaproteobacteria; o__Rhizobiales; f__Hyphomicrobiaceae
CAMI2_marine0-R1	0.06	Root; d__Bacteria; p__Proteobacteria; c__Alphaproteobacteria; o__Rhizobiales; f__Rhizobiaceae
CAMI2_marine0-R1	0.75	Root; d__Bacteria; p__Proteobacteria; c__Alphaproteobacteria; o__Sphingomonadales; f__Sphingomonadaceae
CAMI2_marine0-R1	0.06	Root; d__Bacteria; p__Proteobacteria; c__Alphaproteobacteria; o__Rhizobiales_A; f__Rhizobiaceae_A
CAMI2_marine0-R1	0.4	Root; d__Bacteria; p__Bacteroidota; c__Chlorobia; o__Chlorobiales; f__Chlorobiaceae
CAMI2_marine0-R1	3.26	Root; d__Bacteria; p__Bacteroidota; c__Bacteroidia; o__Flavobacteriales; f__Flavobacteriaceae
CAMI2_marine0-R1	0.11	Root; d__Bacteria; p__Bacteroidota; c__Bacteroidia; o__Cytophagales; f__Cyclobacteriaceae
CAMI2_marine0-R1	0.17	Root; d__Bacteria; p__Cyanobacteria; c__Cyanobacteriia; o__Cyanobacteriales; f__Nostocaceae
CAMI2_marine0-R1	0.4	Root; d__Bacteria; p__Cyanobacteria; c__Cyanobacteriia; o__PCC-6307; f__Cyanobiaceae
CAMI2_marine0-R1	0.28	Root; d__Bacteria; p__Actinobacteriota; c__Actinomycetia; o__Mycobacteriales; f__Mycobacteriaceae
CAMI2_marine0-R1	0.17	Root; d__Bacteria; p__Actinobacteriota; c__Actinomycetia; o__Mycobacteriales; f__Micromonosporaceae
CAMI2_marine0-R1	0.34	Root; d__Bacteria; p__Actinobacteriota; c__Actinomycetia; o__Actinomycetales; f__Dermatophilaceae
CAMI2_marine0-R1	0.12	Root; d__Bacteria; p__Actinobacteriota; c__Actinomycetia; o__Actinomycetales; f__Cellulomonadaceae
CAMI2_marine0-R1	1.08	Root; d__Bacteria; p__Actinobacteriota; c__Actinomycetia; o__Actinomycetales; f__Microbacteriaceae
CAMI2_marine0-R1	0.23	Root; d__Bacteria; p__Actinobacteriota; c__Actinomycetia; o__Actinomycetales; f__Micrococcaceae
CAMI2_marine0-R1	0.11	Root; d__Bacteria; p__Actinobacteriota; c__Actinomycetia; o__Streptosporangiales; f__Streptosporangiaceae
CAMI2_marine0-R1	0.51	Root; d__Bacteria; p__Desulfobacterota_I; c__Desulfovibrionia; o__Desulfovibrionales; f__Desulfovibrionaceae
CAMI2_marine0-R1	0.02	Root; d__Archaea; p__Methanobacteriota_B; c__Thermococci; o__Thermococcales; f__Thermococcaceae; g__Pyrococcus
CAMI2_marine0-R1	0.13	Root; d__Bacteria; p__Proteobacteria; c__Gammaproteobacteria; o__Enterobacterales; f__Vibrionaceae; g__Photobacterium
CAMI2_marine0-R1	0.96	Root; d__Bacteria; p__Proteobacteria; c__Gammaproteobacteria; o__Enterobacterales; f__Vibrionaceae; g__Vibrio
CAMI2_marine0-R1	5.59	Root; d__Bacteria; p__Proteobacteria; c__Gammaproteobacteria; o__Enterobacterales; f__Shewanellaceae; g__Shewanella
CAMI2_marine0-R1	2.4	Root; d__Bacteria; p__Proteobacteria; c__Gammaproteobacteria; o__Enterobacterales; f__Alteromonadaceae; g__Alteromonas
CAMI2_marine0-R1	0.04	Root; d__Bacteria; p__Proteobacteria; c__Gammaproteobacteria; o__Enterobacterales; f__Alteromonadaceae; g__Paraglaciecola
CAMI2_marine0-R1	0.12	Root; d__Bacteria; p__Proteobacteria; c__Gammaproteobacteria; o__Enterobacterales; f__Alteromonadaceae; g__Pseudoalteromonas
CAMI2_marine0-R1	0.15	Root; d__Bacteria; p__Proteobacteria; c__Gammaproteobacteria; o__Enterobacterales; f__Enterobacteriaceae; g__Serratia
CAMI2_marine0-R1	0.01	Root; d__Bacteria; p__Proteobacteria; c__Gammaproteobacteria; o__Enterobacterales; f__Enterobacteriaceae; g__Edwardsiella
CAMI2_marine0-R1	0.18	Root; d__Bacteria; p__Proteobacteria; c__Gammaproteobacteria; o__Enterobacterales; f__Kangiellaceae; g__Kangiella
CAMI2_marine0-R1	0.3	Root; d__Bacteria; p__Proteobacteria; c__Gammaproteobacteria; o__Enterobacterales; f__Psychromonadaceae; g__Psychromonas
CAMI2_marine0-R1	3.25	Root; d__Bacteria; p__Proteobacteria; c__Gammaproteobacteria; o__Pseudomonadales; f__Moraxellaceae; g__Psychrobacter
CAMI2_marine0-R1	0.09	Root; d__Bacteria; p__Proteobacteria; c__Gammaproteobacteria; o__Pseudomonadales; f__Moraxellaceae; g__Acinetobacter
CAMI2_marine0-R1	0.76	Root; d__Bacteria; p__Proteobacteria; c__Gammaproteobacteria; o__Pseudomonadales; f__Oleiphilaceae; g__Marinobacter
CAMI2_marine0-R1	1.19	Root; d__Bacteria; p__Proteobacteria; c__Gammaproteobacteria; o__Pseudomonadales; f__Pseudomonadaceae; g__Pseudomonas_E
CAMI2_marine0-R1	0.06	Root; d__Bacteria; p__Proteobacteria; c__Gammaproteobacteria; o__Pseudomonadales; f__Pseudomonadaceae; g__Pseudomonas_A
CAMI2_marine0-R1	0.19	Root; d__Bacteria; p__Proteobacteria; c__Gammaproteobacteria; o__Pseudomonadales; f__Halomonadaceae; g__Halomonas
CAMI2_marine0-R1	0.29	Root; d__Bacteria; p__Proteobacteria; c__Alphaproteobacteria; o__Caulobacterales; f__Caulobacteraceae; g__Brevundimonas
CAMI2_marine0-R1	0.02	Root; d__Bacteria; p__Proteobacteria; c__Alphaproteobacteria; o__Rhodobacterales; f__Rhodobacteraceae; g__Rhodovulum
CAMI2_marine0-R1	0.02	Root; d__Bacteria; p__Proteobacteria; c__Alphaproteobacteria; o__Rhizobiales; f__Stappiaceae; g__Stappia
CAMI2_marine0-R1	0.57	Root; d__Bacteria; p__Firmicutes; c__Bacilli; o__Bacillales; f__Bacillaceae; g__Bacillus
CAMI2_marine0-R1	0.19	Root; d__Bacteria; p__Firmicutes; c__Bacilli; o__Bacillales; f__Anoxybacillaceae; g__Geobacillus
CAMI2_marine0-R1	0.17	Root; d__Bacteria; p__Firmicutes; c__Bacilli; o__Bacillales_A; f__Planococcaceae; g__Planococcus
CAMI2_marine0-R1	0.15	Root; d__Bacteria; p__Firmicutes; c__Bacilli; o__Paenibacillales; f__Paenibacillaceae; g__Paenibacillus
CAMI2_marine0-R1	0.09	Root; d__Bacteria; p__Firmicutes; c__Bacilli; o__Lactobacillales; f__Carnobacteriaceae; g__Carnobacterium
CAMI2_marine0-R1	0.04	Root; d__Bacteria; p__Firmicutes; c__Bacilli; o__Lactobacillales; f__Streptococcaceae; g__Streptococcus
CAMI2_marine0-R1	0.24	Root; d__Bacteria; p__Bacteroidota; c__Bacteroidia; o__Flavobacteriales; f__Flavobacteriaceae; g__Tenacibaculum
CAMI2_marine0-R1	0.14	Root; d__Bacteria; p__Bacteroidota; c__Bacteroidia; o__Flavobacteriales; f__Flavobacteriaceae; g__Lacinutrix
CAMI2_marine0-R1	0.05	Root; d__Bacteria; p__Bacteroidota; c__Bacteroidia; o__Flavobacteriales; f__Flavobacteriaceae; g__Polaribacter
CAMI2_marine0-R1	0.07	Root; d__Bacteria; p__Bacteroidota; c__Bacteroidia; o__Flavobacteriales; f__Flavobacteriaceae; g__Gramella
CAMI2_marine0-R1	1.65	Root; d__Bacteria; p__Bacteroidota; c__Bacteroidia; o__Flavobacteriales; f__Flavobacteriaceae; g__Bizionia
CAMI2_marine0-R1	0.11	Root; d__Bacteria; p__Bacteroidota; c__Bacteroidia; o__Flavobacteriales; f__Flavobacteriaceae; g__Formosa
CAMI2_marine0-R1	0.2	Root; d__Bacteria; p__Bacteroidota; c__Bacteroidia; o__Cytophagales; f__Flammeovirgaceae; g__Flammeovirga
CAMI2_marine0-R1	0.4	Root; d__Bacteria; p__Cyanobacteria; c__Cyanobacteriia; o__PCC-6307; f__Cyanobiaceae; g__Prochlorococcus_B
CAMI2_marine0-R1	0.07	Root; d__Bacteria; p__Actinobacteriota; c__Actinomycetia; o__Mycobacteriales; f__Micromonosporaceae; g__Micromonospora
CAMI2_marine0-R1	0.16	Root; d__Bacteria; p__Actinobacteriota; c__Actinomycetia; o__Actinomycetales; f__Cellulomonadaceae; g__Promicromonospora
CAMI2_marine0-R1	1.12	Root; d__Bacteria; p__Actinobacteriota; c__Actinomycetia; o__Actinomycetales; f__Microbacteriaceae; g__Microbacterium
CAMI2_marine0-R1	0.08	Root; d__Bacteria; p__Actinobacteriota; c__Actinomycetia; o__Actinomycetales; f__Microbacteriaceae; g__Clavibacter
CAMI2_marine0-R1	0.02	Root; d__Bacteria; p__Actinobacteriota; c__Actinomycetia; o__Actinomycetales; f__Microbacteriaceae; g__Agrococcus
CAMI2_marine0-R1	0.22	Root; d__Bacteria; p__Actinobacteriota; c__Actinomycetia; o__Actinomycetales; f__Microbacteriaceae; g__Plantibacter
CAMI2_marine0-R1	0.45	Root; d__Bacteria; p__Actinobacteriota; c__Actinomycetia; o__Actinomycetales; f__Microbacteriaceae; g__Rhodoglobus
CAMI2_marine0-R1	0.13	Root; d__Bacteria; p__Actinobacteriota; c__Actinomycetia; o__Actinomycetales; f__Micrococcaceae; g__Micrococcus
CAMI2_marine0-R1	0.38	Root; d__Bacteria; p__Actinobacteriota; c__Actinomycetia; o__Streptomycetales; f__Streptomycetaceae; g__Streptomyces
CAMI2_marine0-R1	0.17	Root; d__Bacteria; p__Firmicutes_A; c__Clostridia; o__Clostridiales; f__Clostridiaceae; g__Clostridium
CAMI2_marine0-R1	0.01	Root; d__Bacteria; p__Desulfobacterota_I; c__Desulfovibrionia; o__Desulfovibrionales; f__Desulfovibrionaceae; g__Maridesulfovibrio
CAMI2_marine0-R1	1.89	Root; d__Archaea; p__Thermoproteota; c__Nitrososphaeria; o__Nitrososphaerales; f__Nitrosopumilaceae; g__Nitrosopumilus; s__Nitrosopumilus adriaticus
CAMI2_marine0-R1	4.24	Root; d__Archaea; p__Thermoproteota; c__Nitrososphaeria; o__Nitrososphaerales; f__Nitrosopumilaceae; g__Nitrosopumilus; s__Nitrosopumilus sediminis
CAMI2_marine0-R1	0.44	Root; d__Archaea; p__Thermoproteota; c__Nitrososphaeria; o__Nitrososphaerales; f__Nitrosopumilaceae; g__Nitrosopumilus; s__Nitrosopumilus koreensis
CAMI2_marine0-R1	0.11	Root; d__Archaea; p__Thermoproteota; c__Nitrososphaeria; o__Nitrososphaerales; f__Nitrosopumilaceae; g__Cenarchaeum; s__Cenarchaeum symbiosum
CAMI2_marine0-R1	1.5	Root; d__Archaea; p__Thermoproteota; c__Thermoproteia; o__Sulfolobales; f__Acidilobaceae; g__Aeropyrum; s__Aeropyrum camini
CAMI2_marine0-R1	2.24	Root; d__Archaea; p__Thermoproteota; c__Thermoproteia; o__Sulfolobales; f__Ignicoccaceae; g__Ignicoccus; s__Ignicoccus islandicus
CAMI2_marine0-R1	87.93	Root; d__Archaea; p__Thermoproteota; c__Thermoproteia; o__Sulfolobales; f__Pyrodictiaceae; g__Hyperthermus; s__Hyperthermus butylicus
CAMI2_marine0-R1	0.8	Root; d__Archaea; p__Thermoproteota; c__Thermoproteia; o__Sulfolobales; f__Desulfurococcaceae; g__Staphylothermus; s__Staphylothermus marinus
CAMI2_marine0-R1	0.53	Root; d__Archaea; p__Thermoproteota; c__Thermoproteia; o__Thermoproteales; f__Thermoproteaceae; g__Pyrobaculum; s__Pyrobaculum aerophilum
CAMI2_marine0-R1	43.22	Root; d__Archaea; p__Methanobacteriota_B; c__Thermococci; o__Thermococcales; f__Thermococcaceae; g__Palaeococcus; s__Palaeococcus pacificus
CAMI2_marine0-R1	2.85	Root; d__Archaea; p__Methanobacteriota_B; c__Thermococci; o__Thermococcales; f__Thermococcaceae; g__Pyrococcus; s__Pyrococcus sp000211475
CAMI2_marine0-R1	1.93	Root; d__Archaea; p__Methanobacteriota_B; c__Thermococci; o__Thermococcales; f__Thermococcaceae; g__Pyrococcus; s__Pyrococcus abyssi
CAMI2_marine0-R1	0.18	Root; d__Archaea; p__Methanobacteriota_B; c__Thermococci; o__Thermococcales; f__Thermococcaceae; g__Pyrococcus; s__Pyrococcus yayanosii
CAMI2_marine0-R1	0.71	Root; d__Archaea; p__Methanobacteriota_B; c__Thermococci; o__Thermococcales; f__Thermococcaceae; g__Pyrococcus; s__Pyrococcus furiosus
CAMI2_marine0-R1	3.56	Root; d__Archaea; p__Methanobacteriota_B; c__Thermococci; o__Thermococcales; f__Thermococcaceae; g__Thermococcus; s__Thermococcus sp000221185
CAMI2_marine0-R1	2.79	Root; d__Archaea; p__Methanobacteriota_B; c__Thermococci; o__Thermococcales; f__Thermococcaceae; g__Thermococcus; s__Thermococcus sp000151205
CAMI2_marine0-R1	0.87	Root; d__Archaea; p__Methanobacteriota_B; c__Thermococci; o__Thermococcales; f__Thermococcaceae; g__Thermococcus; s__Thermococcus gammatolerans
CAMI2_marine0-R1	0.9	Root; d__Archaea; p__Methanobacteriota_B; c__Thermococci; o__Thermococcales; f__Thermococcaceae; g__Thermococcus; s__Thermococcus nautili
CAMI2_marine0-R1	1.4	Root; d__Archaea; p__Methanobacteriota_B; c__Thermococci; o__Thermococcales; f__Thermococcaceae; g__Thermococcus; s__Thermococcus eurythermalis
CAMI2_marine0-R1	0.21	Root; d__Archaea; p__Methanobacteriota_B; c__Thermococci; o__Thermococcales; f__Thermococcaceae; g__Thermococcus_B; s__Thermococcus_B paralvinellae
CAMI2_marine0-R1	9.52	Root; d__Archaea; p__Halobacteriota; c__Methanosarcinia; o__Methanosarcinales; f__Methanosarcinaceae; g__Methanosarcina; s__Methanosarcina siciliae
CAMI2_marine0-R1	0.43	Root; d__Archaea; p__Halobacteriota; c__Methanosarcinia; o__Methanosarcinales; f__Methanosarcinaceae; g__MTP4; s__MTP4 sp000970045
CAMI2_marine0-R1	3.19	Root; d__Archaea; p__Halobacteriota; c__Halobacteria; o__Halobacteriales; f__Haloarculaceae; g__Halorhabdus; s__Halorhabdus tiamatea
CAMI2_marine0-R1	1.16	Root; d__Archaea; p__Halobacteriota; c__Halobacteria; o__Halobacteriales; f__Haloferacaceae; g__Haloferax; s__Haloferax mediterranei
CAMI2_marine0-R1	0.16	Root; d__Archaea; p__Halobacteriota; c__Halobacteria; o__Halobacteriales; f__Haloferacaceae; g__Halolamina; s__Halolamina sediminis
CAMI2_marine0-R1	0.32	Root; d__Archaea; p__Halobacteriota; c__Halobacteria; o__Halobacteriales; f__Haloferacaceae; g__Haloquadratum; s__Haloquadratum walsbyi
CAMI2_marine0-R1	5.52	Root; d__Archaea; p__Halobacteriota; c__Methanomicrobia; o__Methanomicrobiales; f__Methanoculleaceae; g__Methanoculleus; s__Methanoculleus marisnigri
CAMI2_marine0-R1	6.51	Root; d__Archaea; p__Halobacteriota; c__Archaeoglobi; o__Archaeoglobales; f__Archaeoglobaceae; g__Archaeoglobus; s__Archaeoglobus fulgidus
CAMI2_marine0-R1	1.44	Root; d__Archaea; p__Methanobacteriota_A; c__Methanococci; o__Methanococcales; f__Methanocaldococcaceae; g__Methanocaldococcus; s__Methanocaldococcus vulcanius
CAMI2_marine0-R1	0.63	Root; d__Archaea; p__Methanobacteriota_A; c__Methanococci; o__Methanococcales; f__Methanocaldococcaceae; g__Methanocaldococcus; s__Methanocaldococcus jannaschii
CAMI2_marine0-R1	0.9	Root; d__Archaea; p__Methanobacteriota_A; c__Methanococci; o__Methanococcales; f__Methanococcaceae; g__Methanotorris; s__Methanotorris igneus
CAMI2_marine0-R1	0.43	Root; d__Archaea; p__Methanobacteriota_A; c__Methanococci; o__Methanococcales; f__Methanococcaceae; g__Methanococcus; s__Methanococcus maripaludis_A
CAMI2_marine0-R1	4.25	Root; d__Archaea; p__Nanoarchaeota; c__Nanoarchaeia; o__Nanoarchaeales; f__Nanoarchaeaceae; g__Nanoarchaeum; s__Nanoarchaeum equitans
CAMI2_marine0-R1	2.78	Root; d__Archaea; p__Thermoplasmatota; c__Thermoplasmata; o__Aciduliprofundales; f__Aciduliprofundaceae; g__Aciduliprofundum; s__Aciduliprofundum boonei
CAMI2_marine0-R1	0.35	Root; d__Archaea; p__Thermoplasmatota; c__Thermoplasmata; o__Aciduliprofundales; f__Aciduliprofundaceae; g__Aciduliprofundum; s__Aciduliprofundum sp000327505
CAMI2_marine0-R1	2.01	Root; d__Archaea; p__Nanohaloarchaeota; c__Nanosalinia; o__Nanosalinales; f__Nanosalinaceae; g__Nanohalobium; s__Nanohalobium sp001761425
CAMI2_marine0-R1	2.39	Root; d__Bacteria; p__Proteobacteria; c__Gammaproteobacteria; o__Enterobacterales; f__Vibrionaceae; g__Photobacterium; s__Photobacterium gaetbulicola
CAMI2_marine0-R1	0.95	Root; d__Bacteria; p__Proteobacteria; c__Gammaproteobacteria; o__Enterobacterales; f__Vibrionaceae; g__Photobacterium; s__Photobacterium profundum_A
CAMI2_marine0-R1	0.32	Root; d__Bacteria; p__Proteobacteria; c__Gammaproteobacteria; o__Enterobacterales; f__Vibrionaceae; g__Vibrio; s__Vibrio sp002342735
CAMI2_marine0-R1	34.04	Root; d__Bacteria; p__Proteobacteria; c__Gammaproteobacteria; o__Enterobacterales; f__Vibrionaceae; g__Vibrio; s__Vibrio ordalii
CAMI2_marine0-R1	5.68	Root; d__Bacteria; p__Proteobacteria; c__Gammaproteobacteria; o__Enterobacterales; f__Vibrionaceae; g__Vibrio; s__Vibrio anguillarum
CAMI2_marine0-R1	0.57	Root; d__Bacteria; p__Proteobacteria; c__Gammaproteobacteria; o__Enterobacterales; f__Vibrionaceae; g__Vibrio; s__Vibrio alginolyticus
CAMI2_marine0-R1	0.74	Root; d__Bacteria; p__Proteobacteria; c__Gammaproteobacteria; o__Enterobacterales; f__Vibrionaceae; g__Vibrio; s__Vibrio crassostreae
CAMI2_marine0-R1	0.76	Root; d__Bacteria; p__Proteobacteria; c__Gammaproteobacteria; o__Enterobacterales; f__Vibrionaceae; g__Vibrio; s__Vibrio splendidus_F
CAMI2_marine0-R1	0.49	Root; d__Bacteria; p__Proteobacteria; c__Gammaproteobacteria; o__Enterobacterales; f__Vibrionaceae; g__Vibrio; s__Vibrio cyclitrophicus
CAMI2_marine0-R1	0.65	Root; d__Bacteria; p__Proteobacteria; c__Gammaproteobacteria; o__Enterobacterales; f__Vibrionaceae; g__Vibrio; s__Vibrio atlanticus
CAMI2_marine0-R1	2.96	Root; d__Bacteria; p__Proteobacteria; c__Gammaproteobacteria; o__Enterobacterales; f__Vibrionaceae; g__Vibrio; s__Vibrio coralliilyticus
CAMI2_marine0-R1	0.07	Root; d__Bacteria; p__Proteobacteria; c__Gammaproteobacteria; o__Enterobacterales; f__Vibrionaceae; g__Vibrio; s__Vibrio brasiliensis
CAMI2_marine0-R1	1.91	Root; d__Bacteria; p__Proteobacteria; c__Gammaproteobacteria; o__Enterobacterales; f__Vibrionaceae; g__Vibrio; s__Vibrio tubiashii
CAMI2_marine0-R1	3.49	Root; d__Bacteria; p__Proteobacteria; c__Gammaproteobacteria; o__Enterobacterales; f__Vibrionaceae; g__Vibrio; s__Vibrio nigripulchritudo
CAMI2_marine0-R1	2.13	Root; d__Bacteria; p__Proteobacteria; c__Gammaproteobacteria; o__Enterobacterales; f__Vibrionaceae; g__Vibrio; s__Vibrio scophthalmi
CAMI2_marine0-R1	5.06	Root; d__Bacteria; p__Proteobacteria; c__Gammaproteobacteria; o__Enterobacterales; f__Vibrionaceae; g__Vibrio; s__Vibrio sp013113835
CAMI2_marine0-R1	0.15	Root; d__Bacteria; p__Proteobacteria; c__Gammaproteobacteria; o__Enterobacterales; f__Vibrionaceae; g__Vibrio; s__Vibrio sp015278125
CAMI2_marine0-R1	11.53	Root; d__Bacteria; p__Proteobacteria; c__Gammaproteobacteria; o__Enterobacterales; f__Vibrionaceae; g__Vibrio; s__Vibrio natriegens
CAMI2_marine0-R1	4.73	Root; d__Bacteria; p__Proteobacteria; c__Gammaproteobacteria; o__Enterobacterales; f__Vibrionaceae; g__Vibrio; s__Vibrio tasmaniensis_A
CAMI2_marine0-R1	26.0	Root; d__Bacteria; p__Proteobacteria; c__Gammaproteobacteria; o__Enterobacterales; f__Vibrionaceae; g__Vibrio; s__Vibrio splendidus
CAMI2_marine0-R1	3.82	Root; d__Bacteria; p__Proteobacteria; c__Gammaproteobacteria; o__Enterobacterales; f__Vibrionaceae; g__Vibrio; s__Vibrio splendidus_J
CAMI2_marine0-R1	4.26	Root; d__Bacteria; p__Proteobacteria; c__Gammaproteobacteria; o__Enterobacterales; f__Vibrionaceae; g__Vibrio; s__Vibrio echinoideorum
CAMI2_marine0-R1	4.21	Root; d__Bacteria; p__Proteobacteria; c__Gammaproteobacteria; o__Enterobacterales; f__Vibrionaceae; g__Vibrio; s__Vibrio cholerae
CAMI2_marine0-R1	0.42	Root; d__Bacteria; p__Proteobacteria; c__Gammaproteobacteria; o__Enterobacterales; f__Vibrionaceae; g__Vibrio; s__Vibrio vulnificus
CAMI2_marine0-R1	0.43	Root; d__Bacteria; p__Proteobacteria; c__Gammaproteobacteria; o__Enterobacterales; f__Vibrionaceae; g__Vibrio; s__Vibrio sp013369385
CAMI2_marine0-R1	0.72	Root; d__Bacteria; p__Proteobacteria; c__Gammaproteobacteria; o__Enterobacterales; f__Vibrionaceae; g__Vibrio; s__Vibrio parahaemolyticus
CAMI2_marine0-R1	0.36	Root; d__Bacteria; p__Proteobacteria; c__Gammaproteobacteria; o__Enterobacterales; f__Vibrionaceae; g__Vibrio; s__Vibrio toranzoniae
CAMI2_marine0-R1	0.31	Root; d__Bacteria; p__Proteobacteria; c__Gammaproteobacteria; o__Enterobacterales; f__Vibrionaceae; g__Vibrio; s__Vibrio diabolicus
CAMI2_marine0-R1	0.25	Root; d__Bacteria; p__Proteobacteria; c__Gammaproteobacteria; o__Enterobacterales; f__Vibrionaceae; g__Vibrio; s__Vibrio mimicus
CAMI2_marine0-R1	0.48	Root; d__Bacteria; p__Proteobacteria; c__Gammaproteobacteria; o__Enterobacterales; f__Vibrionaceae; g__Vibrio; s__Vibrio harveyi
CAMI2_marine0-R1	0.07	Root; d__Bacteria; p__Proteobacteria; c__Gammaproteobacteria; o__Enterobacterales; f__Vibrionaceae; g__Vibrio; s__Vibrio campbellii
CAMI2_marine0-R1	0.79	Root; d__Bacteria; p__Proteobacteria; c__Gammaproteobacteria; o__Enterobacterales; f__Vibrionaceae; g__Vibrio; s__Vibrio metoecus_B
CAMI2_marine0-R1	0.08	Root; d__Bacteria; p__Proteobacteria; c__Gammaproteobacteria; o__Enterobacterales; f__Vibrionaceae; g__Vibrio; s__Vibrio gigantis
CAMI2_marine0-R1	0.08	Root; d__Bacteria; p__Proteobacteria; c__Gammaproteobacteria; o__Enterobacterales; f__Vibrionaceae; g__Vibrio; s__Vibrio sinensis
CAMI2_marine0-R1	18.32	Root; d__Bacteria; p__Proteobacteria; c__Gammaproteobacteria; o__Enterobacterales; f__Vibrionaceae; g__Aliivibrio; s__Aliivibrio wodanis
CAMI2_marine0-R1	18.26	Root; d__Bacteria; p__Proteobacteria; c__Gammaproteobacteria; o__Enterobacterales; f__Vibrionaceae; g__Aliivibrio; s__Aliivibrio salmonicida_A
CAMI2_marine0-R1	2.58	Root; d__Bacteria; p__Proteobacteria; c__Gammaproteobacteria; o__Enterobacterales; f__Vibrionaceae; g__Aliivibrio; s__Aliivibrio sp001690985
CAMI2_marine0-R1	0.17	Root; d__Bacteria; p__Proteobacteria; c__Gammaproteobacteria; o__Enterobacterales; f__Vibrionaceae; g__Aliivibrio; s__Aliivibrio sifiae_A
CAMI2_marine0-R1	0.78	Root; d__Bacteria; p__Proteobacteria; c__Gammaproteobacteria; o__Enterobacterales; f__Vibrionaceae; g__Aliivibrio; s__Aliivibrio finisterrensis
CAMI2_marine0-R1	9.07	Root; d__Bacteria; p__Proteobacteria; c__Gammaproteobacteria; o__Enterobacterales; f__Vibrionaceae; g__Aliivibrio; s__Aliivibrio sp900312675
CAMI2_marine0-R1	0.85	Root; d__Bacteria; p__Proteobacteria; c__Gammaproteobacteria; o__Enterobacterales; f__Vibrionaceae; g__Aliivibrio; s__Aliivibrio sifiae
CAMI2_marine0-R1	0.9	Root; d__Bacteria; p__Proteobacteria; c__Gammaproteobacteria; o__Enterobacterales; f__Vibrionaceae; g__Aliivibrio; s__Aliivibrio fischeri
CAMI2_marine0-R1	6.33	Root; d__Bacteria; p__Proteobacteria; c__Gammaproteobacteria; o__Enterobacterales; f__Shewanellaceae; g__Shewanella; s__Shewanella hanedai
CAMI2_marine0-R1	0.56	Root; d__Bacteria; p__Proteobacteria; c__Gammaproteobacteria; o__Enterobacterales; f__Shewanellaceae; g__Shewanella; s__Shewanella loihica
CAMI2_marine0-R1	0.09	Root; d__Bacteria; p__Proteobacteria; c__Gammaproteobacteria; o__Enterobacterales; f__Shewanellaceae; g__Shewanella; s__Shewanella canadensis
CAMI2_marine0-R1	4.2	Root; d__Bacteria; p__Proteobacteria; c__Gammaproteobacteria; o__Enterobacterales; f__Shewanellaceae; g__Shewanella; s__Shewanella halifaxensis
CAMI2_marine0-R1	2.84	Root; d__Bacteria; p__Proteobacteria; c__Gammaproteobacteria; o__Enterobacterales; f__Shewanellaceae; g__Shewanella; s__Shewanella piezotolerans
CAMI2_marine0-R1	0.16	Root; d__Bacteria; p__Proteobacteria; c__Gammaproteobacteria; o__Enterobacterales; f__Shewanellaceae; g__Shewanella; s__Shewanella sp016757755
CAMI2_marine0-R1	2.29	Root; d__Bacteria; p__Proteobacteria; c__Gammaproteobacteria; o__Enterobacterales; f__Shewanellaceae; g__Shewanella; s__Shewanella baltica
CAMI2_marine0-R1	0.34	Root; d__Bacteria; p__Proteobacteria; c__Gammaproteobacteria; o__Enterobacterales; f__Shewanellaceae; g__Shewanella; s__Shewanella sp000014665
CAMI2_marine0-R1	7.38	Root; d__Bacteria; p__Proteobacteria; c__Gammaproteobacteria; o__Enterobacterales; f__Shewanellaceae; g__Shewanella; s__Shewanella sp000203935
CAMI2_marine0-R1	0.72	Root; d__Bacteria; p__Proteobacteria; c__Gammaproteobacteria; o__Enterobacterales; f__Shewanellaceae; g__Shewanella; s__Shewanella denitrificans
CAMI2_marine0-R1	0.28	Root; d__Bacteria; p__Proteobacteria; c__Gammaproteobacteria; o__Enterobacterales; f__Shewanellaceae; g__Shewanella; s__Shewanella sp002838165
CAMI2_marine0-R1	0.36	Root; d__Bacteria; p__Proteobacteria; c__Gammaproteobacteria; o__Enterobacterales; f__Shewanellaceae; g__Shewanella; s__Shewanella woodyi
CAMI2_marine0-R1	0.12	Root; d__Bacteria; p__Proteobacteria; c__Gammaproteobacteria; o__Enterobacterales; f__Shewanellaceae; g__Shewanella; s__Shewanella frigidimarina
CAMI2_marine0-R1	7.61	Root; d__Bacteria; p__Proteobacteria; c__Gammaproteobacteria; o__Enterobacterales; f__Alteromonadaceae; g__Alteromonas; s__Alteromonas macleodii
CAMI2_marine0-R1	0.57	Root; d__Bacteria; p__Proteobacteria; c__Gammaproteobacteria; o__Enterobacterales; f__Alteromonadaceae; g__Alteromonas; s__Alteromonas marina
CAMI2_marine0-R1	3.2	Root; d__Bacteria; p__Proteobacteria; c__Gammaproteobacteria; o__Enterobacterales; f__Alteromonadaceae; g__Alteromonas; s__Alteromonas abrolhosensis
CAMI2_marine0-R1	1.67	Root; d__Bacteria; p__Proteobacteria; c__Gammaproteobacteria; o__Enterobacterales; f__Alteromonadaceae; g__Alteromonas; s__Alteromonas sp000597705
CAMI2_marine0-R1	0.96	Root; d__Bacteria; p__Proteobacteria; c__Gammaproteobacteria; o__Enterobacterales; f__Alteromonadaceae; g__Alteromonas; s__Alteromonas macleodii_A
CAMI2_marine0-R1	2.93	Root; d__Bacteria; p__Proteobacteria; c__Gammaproteobacteria; o__Enterobacterales; f__Alteromonadaceae; g__Alteromonas; s__Alteromonas hispanica
CAMI2_marine0-R1	25.93	Root; d__Bacteria; p__Proteobacteria; c__Gammaproteobacteria; o__Enterobacterales; f__Alteromonadaceae; g__Alteromonas; s__Alteromonas mediterranea
CAMI2_marine0-R1	0.48	Root; d__Bacteria; p__Proteobacteria; c__Gammaproteobacteria; o__Enterobacterales; f__Alteromonadaceae; g__Alteromonas; s__Alteromonas sp001885075
CAMI2_marine0-R1	1.13	Root; d__Bacteria; p__Proteobacteria; c__Gammaproteobacteria; o__Enterobacterales; f__Alteromonadaceae; g__Alteromonas; s__Alteromonas sp003443615
CAMI2_marine0-R1	2.34	Root; d__Bacteria; p__Proteobacteria; c__Gammaproteobacteria; o__Enterobacterales; f__Alteromonadaceae; g__Alteromonas; s__Alteromonas gracilis
CAMI2_marine0-R1	0.37	Root; d__Bacteria; p__Proteobacteria; c__Gammaproteobacteria; o__Enterobacterales; f__Alteromonadaceae; g__Alteromonas; s__Alteromonas sp016405965
CAMI2_marine0-R1	0.57	Root; d__Bacteria; p__Proteobacteria; c__Gammaproteobacteria; o__Enterobacterales; f__Alteromonadaceae; g__Alteromonas; s__Alteromonas stellipolaris
CAMI2_marine0-R1	0.67	Root; d__Bacteria; p__Proteobacteria; c__Gammaproteobacteria; o__Enterobacterales; f__Alteromonadaceae; g__Paraglaciecola; s__Paraglaciecola atlantica_A
CAMI2_marine0-R1	0.57	Root; d__Bacteria; p__Proteobacteria; c__Gammaproteobacteria; o__Enterobacterales; f__Alteromonadaceae; g__Paraglaciecola; s__Paraglaciecola psychrophila
CAMI2_marine0-R1	4.84	Root; d__Bacteria; p__Proteobacteria; c__Gammaproteobacteria; o__Enterobacterales; f__Alteromonadaceae; g__Colwellia; s__Colwellia psychrerythraea_A
CAMI2_marine0-R1	0.23	Root; d__Bacteria; p__Proteobacteria; c__Gammaproteobacteria; o__Enterobacterales; f__Alteromonadaceae; g__Colwellia; s__Colwellia demingiae
CAMI2_marine0-R1	0.16	Root; d__Bacteria; p__Proteobacteria; c__Gammaproteobacteria; o__Enterobacterales; f__Alteromonadaceae; g__Colwellia; s__Colwellia marinimaniae
CAMI2_marine0-R1	0.13	Root; d__Bacteria; p__Proteobacteria; c__Gammaproteobacteria; o__Enterobacterales; f__Alteromonadaceae; g__Pseudoalteromonas; s__Pseudoalteromonas undina
CAMI2_marine0-R1	0.06	Root; d__Bacteria; p__Proteobacteria; c__Gammaproteobacteria; o__Enterobacterales; f__Alteromonadaceae; g__Pseudoalteromonas; s__Pseudoalteromonas translucida
CAMI2_marine0-R1	2.55	Root; d__Bacteria; p__Proteobacteria; c__Gammaproteobacteria; o__Enterobacterales; f__Alteromonadaceae; g__Pseudoalteromonas; s__Pseudoalteromonas nigrifaciens
CAMI2_marine0-R1	0.63	Root; d__Bacteria; p__Proteobacteria; c__Gammaproteobacteria; o__Enterobacterales; f__Alteromonadaceae; g__Pseudoalteromonas; s__Pseudoalteromonas luteoviolacea_G
CAMI2_marine0-R1	0.97	Root; d__Bacteria; p__Proteobacteria; c__Gammaproteobacteria; o__Enterobacterales; f__Alteromonadaceae; g__Glaciecola; s__Glaciecola nitratireducens
CAMI2_marine0-R1	0.51	Root; d__Bacteria; p__Proteobacteria; c__Gammaproteobacteria; o__Enterobacterales; f__Alteromonadaceae; g__Thalassotalea_A; s__Thalassotalea_A crassostreae
CAMI2_marine0-R1	0.17	Root; d__Bacteria; p__Proteobacteria; c__Gammaproteobacteria; o__Enterobacterales; f__Alteromonadaceae; g__Idiomarina; s__Idiomarina loihiensis
CAMI2_marine0-R1	11.94	Root; d__Bacteria; p__Proteobacteria; c__Gammaproteobacteria; o__Enterobacterales; f__Moritellaceae; g__Moritella; s__Moritella viscosa
CAMI2_marine0-R1	0.1	Root; d__Bacteria; p__Proteobacteria; c__Gammaproteobacteria; o__Enterobacterales; f__Moritellaceae; g__Moritella; s__Moritella sp015082335
CAMI2_marine0-R1	0.08	Root; d__Bacteria; p__Proteobacteria; c__Gammaproteobacteria; o__Enterobacterales; f__Moritellaceae; g__Moritella; s__Moritella sp018219155
CAMI2_marine0-R1	7.28	Root; d__Bacteria; p__Proteobacteria; c__Gammaproteobacteria; o__Enterobacterales; f__Aeromonadaceae; g__Aeromonas; s__Aeromonas salmonicida
CAMI2_marine0-R1	0.55	Root; d__Bacteria; p__Proteobacteria; c__Gammaproteobacteria; o__Enterobacterales; f__Enterobacteriaceae; g__Serratia; s__Serratia proteamaculans
CAMI2_marine0-R1	1.34	Root; d__Bacteria; p__Proteobacteria; c__Gammaproteobacteria; o__Enterobacterales; f__Enterobacteriaceae; g__Serratia; s__Serratia plymuthica
CAMI2_marine0-R1	0.08	Root; d__Bacteria; p__Proteobacteria; c__Gammaproteobacteria; o__Enterobacterales; f__Enterobacteriaceae; g__Serratia; s__Serratia plymuthica_B
CAMI2_marine0-R1	0.1	Root; d__Bacteria; p__Proteobacteria; c__Gammaproteobacteria; o__Enterobacterales; f__Enterobacteriaceae; g__Edwardsiella; s__Edwardsiella anguillarum
CAMI2_marine0-R1	0.33	Root; d__Bacteria; p__Proteobacteria; c__Gammaproteobacteria; o__Enterobacterales; f__Enterobacteriaceae; g__Edwardsiella; s__Edwardsiella piscicida
CAMI2_marine0-R1	2.79	Root; d__Bacteria; p__Proteobacteria; c__Gammaproteobacteria; o__Enterobacterales; f__Kangiellaceae; g__Kangiella; s__Kangiella geojedonensis
CAMI2_marine0-R1	0.57	Root; d__Bacteria; p__Proteobacteria; c__Gammaproteobacteria; o__Enterobacterales; f__Kangiellaceae; g__Kangiella; s__Kangiella koreensis
CAMI2_marine0-R1	0.88	Root; d__Bacteria; p__Proteobacteria; c__Gammaproteobacteria; o__Enterobacterales; f__Kangiellaceae; g__Kangiella; s__Kangiella sediminilitoris
CAMI2_marine0-R1	0.34	Root; d__Bacteria; p__Proteobacteria; c__Gammaproteobacteria; o__Enterobacterales; f__Celerinatantimonadaceae; g__Agarivorans; s__Agarivorans gilvus
CAMI2_marine0-R1	0.97	Root; d__Bacteria; p__Proteobacteria; c__Gammaproteobacteria; o__Pseudomonadales; f__DSM-6294; g__Oleispira; s__Oleispira antarctica
CAMI2_marine0-R1	12.16	Root; d__Bacteria; p__Proteobacteria; c__Gammaproteobacteria; o__Pseudomonadales; f__DSM-6294; g__Thalassolituus; s__Thalassolituus oleivorans
CAMI2_marine0-R1	0.35	Root; d__Bacteria; p__Proteobacteria; c__Gammaproteobacteria; o__Pseudomonadales; f__Moraxellaceae; g__Psychrobacter; s__Psychrobacter sp000586435
CAMI2_marine0-R1	0.21	Root; d__Bacteria; p__Proteobacteria; c__Gammaproteobacteria; o__Pseudomonadales; f__Moraxellaceae; g__Psychrobacter; s__Psychrobacter proteolyticus_A
CAMI2_marine0-R1	1.04	Root; d__Bacteria; p__Proteobacteria; c__Gammaproteobacteria; o__Pseudomonadales; f__Moraxellaceae; g__Psychrobacter; s__Psychrobacter sp013414195
CAMI2_marine0-R1	0.26	Root; d__Bacteria; p__Proteobacteria; c__Gammaproteobacteria; o__Pseudomonadales; f__Moraxellaceae; g__Psychrobacter; s__Psychrobacter pacificensis
CAMI2_marine0-R1	1.07	Root; d__Bacteria; p__Proteobacteria; c__Gammaproteobacteria; o__Pseudomonadales; f__Moraxellaceae; g__Psychrobacter; s__Psychrobacter immobilis_C
CAMI2_marine0-R1	0.65	Root; d__Bacteria; p__Proteobacteria; c__Gammaproteobacteria; o__Pseudomonadales; f__Moraxellaceae; g__Psychrobacter; s__Psychrobacter sp002377945
CAMI2_marine0-R1	2.87	Root; d__Bacteria; p__Proteobacteria; c__Gammaproteobacteria; o__Pseudomonadales; f__Moraxellaceae; g__Psychrobacter; s__Psychrobacter sp002836505
CAMI2_marine0-R1	2.35	Root; d__Bacteria; p__Proteobacteria; c__Gammaproteobacteria; o__Pseudomonadales; f__Moraxellaceae; g__Psychrobacter; s__Psychrobacter sp002836715
CAMI2_marine0-R1	1.67	Root; d__Bacteria; p__Proteobacteria; c__Gammaproteobacteria; o__Pseudomonadales; f__Moraxellaceae; g__Psychrobacter; s__Psychrobacter nivimaris_A
CAMI2_marine0-R1	0.62	Root; d__Bacteria; p__Proteobacteria; c__Gammaproteobacteria; o__Pseudomonadales; f__Moraxellaceae; g__Psychrobacter; s__Psychrobacter sp014770435
CAMI2_marine0-R1	1.14	Root; d__Bacteria; p__Proteobacteria; c__Gammaproteobacteria; o__Pseudomonadales; f__Moraxellaceae; g__Psychrobacter; s__Psychrobacter sp904846645
CAMI2_marine0-R1	0.48	Root; d__Bacteria; p__Proteobacteria; c__Gammaproteobacteria; o__Pseudomonadales; f__Moraxellaceae; g__Psychrobacter; s__Psychrobacter sp904846705
CAMI2_marine0-R1	0.16	Root; d__Bacteria; p__Proteobacteria; c__Gammaproteobacteria; o__Pseudomonadales; f__Moraxellaceae; g__Psychrobacter; s__Psychrobacter cryohalolentis
CAMI2_marine0-R1	1.78	Root; d__Bacteria; p__Proteobacteria; c__Gammaproteobacteria; o__Pseudomonadales; f__Moraxellaceae; g__Psychrobacter; s__Psychrobacter sp001435845
CAMI2_marine0-R1	0.06	Root; d__Bacteria; p__Proteobacteria; c__Gammaproteobacteria; o__Pseudomonadales; f__Moraxellaceae; g__Psychrobacter; s__Psychrobacter sp008369115
CAMI2_marine0-R1	0.2	Root; d__Bacteria; p__Proteobacteria; c__Gammaproteobacteria; o__Pseudomonadales; f__Moraxellaceae; g__Acinetobacter; s__Acinetobacter venetianus
CAMI2_marine0-R1	5.57	Root; d__Bacteria; p__Proteobacteria; c__Gammaproteobacteria; o__Pseudomonadales; f__Marinomonadaceae; g__Marinomonas; s__Marinomonas mediterranea
CAMI2_marine0-R1	13.36	Root; d__Bacteria; p__Proteobacteria; c__Gammaproteobacteria; o__Pseudomonadales; f__Marinomonadaceae; g__Marinomonas; s__Marinomonas posidonica
CAMI2_marine0-R1	0.17	Root; d__Bacteria; p__Proteobacteria; c__Gammaproteobacteria; o__Pseudomonadales; f__Oleiphilaceae; g__Marinobacter; s__Marinobacter sp002563885
CAMI2_marine0-R1	0.4	Root; d__Bacteria; p__Proteobacteria; c__Gammaproteobacteria; o__Pseudomonadales; f__Oleiphilaceae; g__Marinobacter; s__Marinobacter adhaerens
CAMI2_marine0-R1	0.63	Root; d__Bacteria; p__Proteobacteria; c__Gammaproteobacteria; o__Pseudomonadales; f__Oleiphilaceae; g__Marinobacter; s__Marinobacter hydrocarbonoclasticus
CAMI2_marine0-R1	3.4	Root; d__Bacteria; p__Proteobacteria; c__Gammaproteobacteria; o__Pseudomonadales; f__Oleiphilaceae; g__Marinobacter; s__Marinobacter salarius
CAMI2_marine0-R1	0.12	Root; d__Bacteria; p__Proteobacteria; c__Gammaproteobacteria; o__Pseudomonadales; f__Oleiphilaceae; g__Marinobacter; s__Marinobacter similis
CAMI2_marine0-R1	0.12	Root; d__Bacteria; p__Proteobacteria; c__Gammaproteobacteria; o__Pseudomonadales; f__Oleiphilaceae; g__Marinobacter; s__Marinobacter psychrophilus
CAMI2_marine0-R1	1.25	Root; d__Bacteria; p__Proteobacteria; c__Gammaproteobacteria; o__Pseudomonadales; f__Oleiphilaceae; g__Hahella; s__Hahella chejuensis
CAMI2_marine0-R1	1.71	Root; d__Bacteria; p__Proteobacteria; c__Gammaproteobacteria; o__Pseudomonadales; f__Spongiibacteraceae; g__IMCC21906; s__IMCC21906 sp001010805
CAMI2_marine0-R1	0.13	Root; d__Bacteria; p__Proteobacteria; c__Gammaproteobacteria; o__Pseudomonadales; f__Pseudomonadaceae; g__Pseudomonas_E; s__Pseudomonas_E allokribbensis
CAMI2_marine0-R1	0.41	Root; d__Bacteria; p__Proteobacteria; c__Gammaproteobacteria; o__Pseudomonadales; f__Pseudomonadaceae; g__Pseudomonas_E; s__Pseudomonas_E sp001421885
CAMI2_marine0-R1	0.16	Root; d__Bacteria; p__Proteobacteria; c__Gammaproteobacteria; o__Pseudomonadales; f__Pseudomonadaceae; g__Pseudomonas_E; s__Pseudomonas_E fluorescens_M
CAMI2_marine0-R1	0.17	Root; d__Bacteria; p__Proteobacteria; c__Gammaproteobacteria; o__Pseudomonadales; f__Pseudomonadaceae; g__Pseudomonas_E; s__Pseudomonas_E sp003050925
CAMI2_marine0-R1	0.22	Root; d__Bacteria; p__Proteobacteria; c__Gammaproteobacteria; o__Pseudomonadales; f__Pseudomonadaceae; g__Pseudomonas_E; s__Pseudomonas_E fluorescens_BA
CAMI2_marine0-R1	0.12	Root; d__Bacteria; p__Proteobacteria; c__Gammaproteobacteria; o__Pseudomonadales; f__Pseudomonadaceae; g__Pseudomonas_E; s__Pseudomonas_E fluorescens_BM
CAMI2_marine0-R1	0.1	Root; d__Bacteria; p__Proteobacteria; c__Gammaproteobacteria; o__Pseudomonadales; f__Pseudomonadaceae; g__Pseudomonas_E; s__Pseudomonas_E sp019200975
CAMI2_marine0-R1	0.08	Root; d__Bacteria; p__Proteobacteria; c__Gammaproteobacteria; o__Pseudomonadales; f__Pseudomonadaceae; g__Pseudomonas_E; s__Pseudomonas_E sp001297015
CAMI2_marine0-R1	0.11	Root; d__Bacteria; p__Proteobacteria; c__Gammaproteobacteria; o__Pseudomonadales; f__Pseudomonadaceae; g__Pseudomonas_E; s__Pseudomonas_E fluorescens_BE
CAMI2_marine0-R1	0.06	Root; d__Bacteria; p__Proteobacteria; c__Gammaproteobacteria; o__Pseudomonadales; f__Pseudomonadaceae; g__Pseudomonas_E; s__Pseudomonas_E sp004310295
CAMI2_marine0-R1	0.13	Root; d__Bacteria; p__Proteobacteria; c__Gammaproteobacteria; o__Pseudomonadales; f__Pseudomonadaceae; g__Pseudomonas_E; s__Pseudomonas_E sp009764645
CAMI2_marine0-R1	1.39	Root; d__Bacteria; p__Proteobacteria; c__Gammaproteobacteria; o__Pseudomonadales; f__Pseudomonadaceae; g__Pseudomonas_A; s__Pseudomonas_A balearica
CAMI2_marine0-R1	0.25	Root; d__Bacteria; p__Proteobacteria; c__Gammaproteobacteria; o__Pseudomonadales; f__Pseudomonadaceae; g__Pseudomonas_A; s__Pseudomonas_A sp004010935
CAMI2_marine0-R1	7.31	Root; d__Bacteria; p__Proteobacteria; c__Gammaproteobacteria; o__Pseudomonadales; f__Halomonadaceae; g__Halomonas; s__Halomonas titanicae
CAMI2_marine0-R1	0.12	Root; d__Bacteria; p__Proteobacteria; c__Gammaproteobacteria; o__Pseudomonadales; f__Halomonadaceae; g__Halomonas; s__Halomonas sedimenti
CAMI2_marine0-R1	0.22	Root; d__Bacteria; p__Proteobacteria; c__Gammaproteobacteria; o__Pseudomonadales; f__Halomonadaceae; g__Halomonas; s__Halomonas olivaria
CAMI2_marine0-R1	0.32	Root; d__Bacteria; p__Proteobacteria; c__Gammaproteobacteria; o__Pseudomonadales; f__Halomonadaceae; g__Halomonas; s__Halomonas aestuarii
CAMI2_marine0-R1	0.74	Root; d__Bacteria; p__Proteobacteria; c__Gammaproteobacteria; o__Pseudomonadales; f__Nitrincolaceae; g__Marinobacterium_A; s__Marinobacterium_A aestuarii
CAMI2_marine0-R1	2.78	Root; d__Bacteria; p__Proteobacteria; c__Gammaproteobacteria; o__Pseudomonadales; f__Cellvibrionaceae; g__Teredinibacter; s__Teredinibacter turnerae_B
CAMI2_marine0-R1	0.45	Root; d__Bacteria; p__Proteobacteria; c__Gammaproteobacteria; o__Pseudomonadales; f__Alcanivoracaceae; g__Alcanivorax_A; s__Alcanivorax_A pacificus
CAMI2_marine0-R1	11.88	Root; d__Bacteria; p__Proteobacteria; c__Gammaproteobacteria; o__Chromatiales; f__Chromatiaceae; g__Thioflavicoccus; s__Thioflavicoccus mobilis
CAMI2_marine0-R1	2.27	Root; d__Bacteria; p__Proteobacteria; c__Gammaproteobacteria; o__Chromatiales; f__Chromatiaceae; g__Chromatium; s__Chromatium violascens
CAMI2_marine0-R1	1.71	Root; d__Bacteria; p__Proteobacteria; c__Gammaproteobacteria; o__Chromatiales; f__Sedimenticolaceae; g__MONJU; s__MONJU sp000801295
CAMI2_marine0-R1	2.05	Root; d__Bacteria; p__Proteobacteria; c__Gammaproteobacteria; o__Chromatiales; f__Sedimenticolaceae; g__Thiolapillus; s__Thiolapillus brandeum
CAMI2_marine0-R1	12.9	Root; d__Bacteria; p__Proteobacteria; c__Gammaproteobacteria; o__Methylococcales; f__Cycloclasticaceae; g__Cycloclasticus; s__Cycloclasticus pugetii
CAMI2_marine0-R1	6.2	Root; d__Bacteria; p__Proteobacteria; c__Gammaproteobacteria; o__Methylococcales; f__Methylomonadaceae; g__Methylomonas; s__Methylomonas methanica_B
CAMI2_marine0-R1	2.05	Root; d__Bacteria; p__Proteobacteria; c__Gammaproteobacteria; o__Woeseiales; f__Woeseiaceae; g__Woeseia; s__Woeseia oceani
CAMI2_marine0-R1	124.47	Root; d__Bacteria; p__Proteobacteria; c__Gammaproteobacteria; o__Nitrococcales; f__Nitrococcaceae; g__Spiribacter; s__Spiribacter curvatus
CAMI2_marine0-R1	40.6	Root; d__Bacteria; p__Proteobacteria; c__Gammaproteobacteria; o__Nitrococcales; f__Nitrococcaceae; g__Spiribacter; s__Spiribacter salinus
CAMI2_marine0-R1	134.42	Root; d__Bacteria; p__Proteobacteria; c__Gammaproteobacteria; o__Nitrosococcales; f__Nitrosococcaceae; g__Nitrosococcus; s__Nitrosococcus halophilus
CAMI2_marine0-R1	45.74	Root; d__Bacteria; p__Proteobacteria; c__Gammaproteobacteria; o__Nitrosococcales; f__Nitrosococcaceae; g__Nitrosococcus; s__Nitrosococcus oceani
CAMI2_marine0-R1	0.23	Root; d__Bacteria; p__Proteobacteria; c__Gammaproteobacteria; o__Nitrosococcales; f__Methylophagaceae; g__Methylophaga; s__Methylophaga frappieri
CAMI2_marine0-R1	3.98	Root; d__Bacteria; p__Proteobacteria; c__Gammaproteobacteria; o__Xanthomonadales; f__Xanthomonadaceae; g__Luteimonas; s__Luteimonas sp001717465
CAMI2_marine0-R1	4.04	Root; d__Bacteria; p__Proteobacteria; c__Gammaproteobacteria; o__Burkholderiales; f__Methylophilaceae; g__BACL14; s__BACL14 sp001044335
CAMI2_marine0-R1	3.81	Root; d__Bacteria; p__Proteobacteria; c__Gammaproteobacteria; o__Burkholderiales; f__Burkholderiaceae; g__Hydrogenophaga; s__Hydrogenophaga crassostreae
CAMI2_marine0-R1	1.19	Root; d__Bacteria; p__Proteobacteria; c__Gammaproteobacteria; o__Burkholderiales; f__Burkholderiaceae; g__Pusillimonas_C; s__Pusillimonas_C sp000209655
CAMI2_marine0-R1	1.48	Root; d__Bacteria; p__Proteobacteria; c__Gammaproteobacteria; o__Burkholderiales; f__Burkholderiaceae; g__Rhodoferax; s__Rhodoferax ferrireducens
CAMI2_marine0-R1	0.23	Root; d__Bacteria; p__Proteobacteria; c__Gammaproteobacteria; o__Burkholderiales; f__Burkholderiaceae; g__Cupriavidus; s__Cupriavidus malaysiensis
CAMI2_marine0-R1	6.12	Root; d__Bacteria; p__Proteobacteria; c__Gammaproteobacteria; o__Piscirickettsiales; f__Piscirickettsiaceae; g__Piscirickettsia; s__Piscirickettsia salmonis
CAMI2_marine0-R1	0.31	Root; d__Bacteria; p__Proteobacteria; c__Gammaproteobacteria; o__Piscirickettsiales; f__Piscirickettsiaceae; g__Piscirickettsia; s__Piscirickettsia sp001644975
CAMI2_marine0-R1	0.23	Root; d__Bacteria; p__Proteobacteria; c__Gammaproteobacteria; o__Thiomicrospirales; f__Thiomicrospiraceae; g__Hydrogenovibrio; s__Hydrogenovibrio crunogenus_A
CAMI2_marine0-R1	0.74	Root; d__Bacteria; p__Proteobacteria; c__Gammaproteobacteria; o__Francisellales; f__Francisellaceae; g__Francisella; s__Francisella orientalis
CAMI2_marine0-R1	0.17	Root; d__Bacteria; p__Proteobacteria; c__Gammaproteobacteria; o__PS1; f__Thioglobaceae; g__Pseudothioglobus; s__Pseudothioglobus singularis
CAMI2_marine0-R1	1.08	Root; d__Bacteria; p__Proteobacteria; c__Alphaproteobacteria; o__Caulobacterales; f__Hyphomonadaceae; g__Hyphomonas; s__Hyphomonas neptunium
CAMI2_marine0-R1	0.68	Root; d__Bacteria; p__Proteobacteria; c__Alphaproteobacteria; o__Caulobacterales; f__Hyphomonadaceae; g__Henriciella; s__Henriciella sp001854405
CAMI2_marine0-R1	0.4	Root; d__Bacteria; p__Proteobacteria; c__Alphaproteobacteria; o__Caulobacterales; f__Hyphomonadaceae; g__Hirschia; s__Hirschia baltica
CAMI2_marine0-R1	0.68	Root; d__Bacteria; p__Proteobacteria; c__Alphaproteobacteria; o__Caulobacterales; f__Maricaulaceae; g__Maricaulis; s__Maricaulis maris_A
CAMI2_marine0-R1	0.08	Root; d__Bacteria; p__Proteobacteria; c__Alphaproteobacteria; o__Caulobacterales; f__Caulobacteraceae; g__Brevundimonas; s__Brevundimonas vesicularis_A
CAMI2_marine0-R1	0.15	Root; d__Bacteria; p__Proteobacteria; c__Alphaproteobacteria; o__Caulobacterales; f__Caulobacteraceae; g__Brevundimonas; s__Brevundimonas vesicularis_B
CAMI2_marine0-R1	0.09	Root; d__Bacteria; p__Proteobacteria; c__Alphaproteobacteria; o__Caulobacterales; f__Caulobacteraceae; g__Brevundimonas; s__Brevundimonas nasdae_A
CAMI2_marine0-R1	0.97	Root; d__Bacteria; p__Proteobacteria; c__Alphaproteobacteria; o__Caulobacterales; f__Parvularculaceae; g__Parvularcula; s__Parvularcula bermudensis
CAMI2_marine0-R1	0.97	Root; d__Bacteria; p__Proteobacteria; c__Alphaproteobacteria; o__Rhodobacterales; f__Rhodobacteraceae; g__Celeribacter_A; s__Celeribacter_A marinus
CAMI2_marine0-R1	2.73	Root; d__Bacteria; p__Proteobacteria; c__Alphaproteobacteria; o__Rhodobacterales; f__Rhodobacteraceae; g__Phaeobacter; s__Phaeobacter gallaeciensis
CAMI2_marine0-R1	1.0	Root; d__Bacteria; p__Proteobacteria; c__Alphaproteobacteria; o__Rhodobacterales; f__Rhodobacteraceae; g__Leisingera; s__Leisingera methylohalidivorans
CAMI2_marine0-R1	0.2	Root; d__Bacteria; p__Proteobacteria; c__Alphaproteobacteria; o__Rhodobacterales; f__Rhodobacteraceae; g__Pseudophaeobacter_A; s__Pseudophaeobacter_A gallaeciensis_A
CAMI2_marine0-R1	3.69	Root; d__Bacteria; p__Proteobacteria; c__Alphaproteobacteria; o__Rhodobacterales; f__Rhodobacteraceae; g__Salipiger; s__Salipiger sp001687105
CAMI2_marine0-R1	1.19	Root; d__Bacteria; p__Proteobacteria; c__Alphaproteobacteria; o__Rhodobacterales; f__Rhodobacteraceae; g__Planktomarina; s__Planktomarina temperata
CAMI2_marine0-R1	1.76	Root; d__Bacteria; p__Proteobacteria; c__Alphaproteobacteria; o__Rhodobacterales; f__Rhodobacteraceae; g__Cereibacter_A; s__Cereibacter_A sphaeroides
CAMI2_marine0-R1	0.45	Root; d__Bacteria; p__Proteobacteria; c__Alphaproteobacteria; o__Rhodobacterales; f__Rhodobacteraceae; g__Sulfitobacter; s__Sulfitobacter alexandrii
CAMI2_marine0-R1	2.79	Root; d__Bacteria; p__Proteobacteria; c__Alphaproteobacteria; o__Rhodobacterales; f__Rhodobacteraceae; g__Actibacterium_A; s__Actibacterium_A naphthalenivorans
CAMI2_marine0-R1	0.25	Root; d__Bacteria; p__Proteobacteria; c__Alphaproteobacteria; o__Rhodobacterales; f__Rhodobacteraceae; g__Octadecabacter; s__Octadecabacter temperatus
CAMI2_marine0-R1	1.23	Root; d__Bacteria; p__Proteobacteria; c__Alphaproteobacteria; o__Rhodobacterales; f__Rhodobacteraceae; g__Octadecabacter; s__Octadecabacter antarcticus
CAMI2_marine0-R1	1.02	Root; d__Bacteria; p__Proteobacteria; c__Alphaproteobacteria; o__Rhodobacterales; f__Rhodobacteraceae; g__Roseobacter; s__Roseobacter denitrificans
CAMI2_marine0-R1	0.32	Root; d__Bacteria; p__Proteobacteria; c__Alphaproteobacteria; o__Rhodobacterales; f__Rhodobacteraceae; g__Roseicyclus; s__Roseicyclus elongatus
CAMI2_marine0-R1	0.35	Root; d__Bacteria; p__Proteobacteria; c__Alphaproteobacteria; o__Rhodobacterales; f__Rhodobacteraceae; g__Rhodovulum; s__Rhodovulum sulfidophilum
CAMI2_marine0-R1	7.9	Root; d__Bacteria; p__Proteobacteria; c__Alphaproteobacteria; o__Rhizobiales; f__Hyphomicrobiaceae; g__Hyphomicrobium; s__Hyphomicrobium nitrativorans
CAMI2_marine0-R1	0.97	Root; d__Bacteria; p__Proteobacteria; c__Alphaproteobacteria; o__Rhizobiales; f__Hyphomicrobiaceae; g__Filomicrobium; s__Filomicrobium insigne
CAMI2_marine0-R1	2.05	Root; d__Bacteria; p__Proteobacteria; c__Alphaproteobacteria; o__Rhizobiales; f__Methyloligellaceae; g__Methyloceanibacter; s__Methyloceanibacter caenitepidi
CAMI2_marine0-R1	0.32	Root; d__Bacteria; p__Proteobacteria; c__Alphaproteobacteria; o__Rhizobiales; f__Stappiaceae; g__Stappia; s__Stappia sp900105595
CAMI2_marine0-R1	0.34	Root; d__Bacteria; p__Proteobacteria; c__Alphaproteobacteria; o__Rhizobiales; f__Rhizobiaceae; g__Hoeflea; s__Hoeflea sp001011155
CAMI2_marine0-R1	0.34	Root; d__Bacteria; p__Proteobacteria; c__Alphaproteobacteria; o__Rhizobiales; f__Rhizobiaceae; g__Mesorhizobium_E; s__Mesorhizobium_E oceanicum
CAMI2_marine0-R1	7.84	Root; d__Bacteria; p__Proteobacteria; c__Alphaproteobacteria; o__Tistrellales; f__Tistrellaceae; g__Tistrella; s__Tistrella mobilis
CAMI2_marine0-R1	27.92	Root; d__Bacteria; p__Proteobacteria; c__Alphaproteobacteria; o__Thalassobaculales; f__Thalassobaculaceae; g__Endolissoclinum; s__Endolissoclinum faulkneri
CAMI2_marine0-R1	19.65	Root; d__Bacteria; p__Proteobacteria; c__Alphaproteobacteria; o__Thalassobaculales; f__Thalassobaculaceae; g__Endolissoclinum; s__Endolissoclinum faulkneri_A
CAMI2_marine0-R1	15.57	Root; d__Bacteria; p__Proteobacteria; c__Alphaproteobacteria; o__Sphingomonadales; f__Sphingomonadaceae; g__Erythrobacter; s__Erythrobacter litoralis
CAMI2_marine0-R1	1.41	Root; d__Bacteria; p__Proteobacteria; c__Alphaproteobacteria; o__Sphingomonadales; f__Sphingomonadaceae; g__Altererythrobacter_D; s__Altererythrobacter_D litoralis_A
CAMI2_marine0-R1	0.57	Root; d__Bacteria; p__Proteobacteria; c__Alphaproteobacteria; o__Sphingomonadales; f__Sphingomonadaceae; g__Alteriqipengyuania; s__Alteriqipengyuania bathyomarina
CAMI2_marine0-R1	0.24	Root; d__Bacteria; p__Proteobacteria; c__Alphaproteobacteria; o__Sphingomonadales; f__Sphingomonadaceae; g__Alteraurantiacibacter; s__Alteraurantiacibacter gangjinensis
CAMI2_marine0-R1	0.23	Root; d__Bacteria; p__Proteobacteria; c__Alphaproteobacteria; o__Sphingomonadales; f__Sphingomonadaceae; g__Alteraurantiacibacter; s__Alteraurantiacibacter atlanticus
CAMI2_marine0-R1	0.11	Root; d__Bacteria; p__Proteobacteria; c__Alphaproteobacteria; o__Sphingomonadales; f__Sphingomonadaceae; g__Croceicoccus; s__Croceicoccus naphthovorans
CAMI2_marine0-R1	1.48	Root; d__Bacteria; p__Proteobacteria; c__Alphaproteobacteria; o__Rhodospirillales; f__Magnetospiraceae; g__Magnetospira; s__Magnetospira sp000968135
CAMI2_marine0-R1	0.34	Root; d__Bacteria; p__Proteobacteria; c__Alphaproteobacteria; o__Rhizobiales_A; f__Rhizobiaceae_A; g__Brucella; s__Brucella melitensis
CAMI2_marine0-R1	0.23	Root; d__Bacteria; p__Proteobacteria; c__Alphaproteobacteria; o__Pelagibacterales; f__Pelagibacteraceae; g__Pelagibacter; s__Pelagibacter sp000299095
CAMI2_marine0-R1	5.97	Root; d__Bacteria; p__Proteobacteria; c__Magnetococcia; o__Magnetococcales; f__Magnetococcaceae; g__Magnetococcus; s__Magnetococcus marinus
CAMI2_marine0-R1	2.67	Root; d__Bacteria; p__Firmicutes; c__Bacilli; o__Bacillales; f__Bacillaceae; g__Bacillus; s__Bacillus safensis
CAMI2_marine0-R1	0.67	Root; d__Bacteria; p__Firmicutes; c__Bacilli; o__Bacillales; f__Bacillaceae; g__Bacillus; s__Bacillus pumilus_N
CAMI2_marine0-R1	0.63	Root; d__Bacteria; p__Firmicutes; c__Bacilli; o__Bacillales; f__Bacillaceae; g__Bacillus; s__Bacillus velezensis
CAMI2_marine0-R1	0.23	Root; d__Bacteria; p__Firmicutes; c__Bacilli; o__Bacillales; f__Anoxybacillaceae; g__Geobacillus; s__Geobacillus thermophilus
CAMI2_marine0-R1	0.6	Root; d__Bacteria; p__Firmicutes; c__Bacilli; o__Bacillales_A; f__Planococcaceae; g__Planococcus; s__Planococcus plakortidis
CAMI2_marine0-R1	0.2	Root; d__Bacteria; p__Firmicutes; c__Bacilli; o__Bacillales_A; f__Planococcaceae; g__Planococcus; s__Planococcus maritimus
CAMI2_marine0-R1	0.73	Root; d__Bacteria; p__Firmicutes; c__Bacilli; o__Bacillales_A; f__Planococcaceae; g__Planococcus; s__Planococcus sp002833405
CAMI2_marine0-R1	0.32	Root; d__Bacteria; p__Firmicutes; c__Bacilli; o__Paenibacillales; f__Paenibacillaceae; g__Paenibacillus; s__Paenibacillus crassostreae
CAMI2_marine0-R1	0.44	Root; d__Bacteria; p__Firmicutes; c__Bacilli; o__Paenibacillales; f__Paenibacillaceae; g__Paenibacillus; s__Paenibacillus durus
CAMI2_marine0-R1	9.85	Root; d__Bacteria; p__Firmicutes; c__Bacilli; o__Staphylococcales; f__Staphylococcaceae; g__Staphylococcus; s__Staphylococcus warneri
CAMI2_marine0-R1	0.06	Root; d__Bacteria; p__Firmicutes; c__Bacilli; o__Staphylococcales; f__Staphylococcaceae; g__Staphylococcus; s__Staphylococcus equorum
CAMI2_marine0-R1	0.11	Root; d__Bacteria; p__Firmicutes; c__Bacilli; o__Lactobacillales; f__Carnobacteriaceae; g__Carnobacterium; s__Carnobacterium divergens_A
CAMI2_marine0-R1	0.76	Root; d__Bacteria; p__Firmicutes; c__Bacilli; o__Lactobacillales; f__Streptococcaceae; g__Streptococcus; s__Streptococcus iniae
CAMI2_marine0-R1	0.51	Root; d__Bacteria; p__Firmicutes; c__Bacilli; o__Lactobacillales; f__Streptococcaceae; g__Streptococcus; s__Streptococcus parauberis
CAMI2_marine0-R1	0.4	Root; d__Bacteria; p__Firmicutes; c__Bacilli; o__Lactobacillales; f__Lactobacillaceae; g__Leuconostoc; s__Leuconostoc lactis
CAMI2_marine0-R1	1.02	Root; d__Bacteria; p__Firmicutes; c__Bacilli; o__Bacillales_D; f__Amphibacillaceae; g__Oceanobacillus; s__Oceanobacillus iheyensis
CAMI2_marine0-R1	1.76	Root; d__Bacteria; p__Firmicutes; c__Bacilli; o__Bacillales_B; f__DSM-18226; g__Bacillus_AB; s__Bacillus_AB infantis
CAMI2_marine0-R1	0.4	Root; d__Bacteria; p__Firmicutes; c__Bacilli; o__Izemoplasmatales; f__Izemoplasmataceae; g__Izemoplasma_B; s__Izemoplasma_B sp000755705
CAMI2_marine0-R1	1.25	Root; d__Bacteria; p__Thermotogota; c__Thermotogae; o__Petrotogales; f__Petrotogaceae; g__Marinitoga; s__Marinitoga piezophila
CAMI2_marine0-R1	2.19	Root; d__Bacteria; p__Thermotogota; c__Thermotogae; o__Thermotogales; f__Thermotogaceae; g__Thermotoga; s__Thermotoga maritima
CAMI2_marine0-R1	0.65	Root; d__Bacteria; p__Thermotogota; c__Thermotogae; o__Thermotogales; f__Thermotogaceae; g__Thermotoga; s__Thermotoga petrophila
CAMI2_marine0-R1	0.8	Root; d__Bacteria; p__Thermotogota; c__Thermotogae; o__Thermotogales; f__Thermotogaceae; g__Thermotoga; s__Thermotoga neapolitana
CAMI2_marine0-R1	0.28	Root; d__Bacteria; p__Thermotogota; c__Thermotogae; o__Thermotogales; f__Fervidobacteriaceae; g__Thermosipho; s__Thermosipho melanesiensis
CAMI2_marine0-R1	9.49	Root; d__Bacteria; p__Bacteroidota; c__Chlorobia; o__Chlorobiales; f__Chloroherpetonaceae; g__Chloroherpeton; s__Chloroherpeton thalassium
CAMI2_marine0-R1	8.24	Root; d__Bacteria; p__Bacteroidota; c__Chlorobia; o__Chlorobiales; f__Chlorobiaceae; g__Chlorobium_A; s__Chlorobium_A phaeobacteroides_A
CAMI2_marine0-R1	0.51	Root; d__Bacteria; p__Bacteroidota; c__Chlorobia; o__Chlorobiales; f__Chlorobiaceae; g__Chlorobium; s__Chlorobium phaeovibrioides
CAMI2_marine0-R1	0.53	Root; d__Bacteria; p__Bacteroidota; c__Bacteroidia; o__Flavobacteriales; f__Flavobacteriaceae; g__Tenacibaculum; s__Tenacibaculum finnmarkense_A
CAMI2_marine0-R1	5.64	Root; d__Bacteria; p__Bacteroidota; c__Bacteroidia; o__Flavobacteriales; f__Flavobacteriaceae; g__Tenacibaculum; s__Tenacibaculum dicentrarchi
CAMI2_marine0-R1	0.54	Root; d__Bacteria; p__Bacteroidota; c__Bacteroidia; o__Flavobacteriales; f__Flavobacteriaceae; g__Tenacibaculum; s__Tenacibaculum finnmarkense
CAMI2_marine0-R1	1.71	Root; d__Bacteria; p__Bacteroidota; c__Bacteroidia; o__Flavobacteriales; f__Flavobacteriaceae; g__Nonlabens; s__Nonlabens dokdonensis
CAMI2_marine0-R1	2.2	Root; d__Bacteria; p__Bacteroidota; c__Bacteroidia; o__Flavobacteriales; f__Flavobacteriaceae; g__Algibacter_A; s__Algibacter_A alginicilyticus
CAMI2_marine0-R1	3.0	Root; d__Bacteria; p__Bacteroidota; c__Bacteroidia; o__Flavobacteriales; f__Flavobacteriaceae; g__Lacinutrix; s__Lacinutrix sp000211855
CAMI2_marine0-R1	0.71	Root; d__Bacteria; p__Bacteroidota; c__Bacteroidia; o__Flavobacteriales; f__Flavobacteriaceae; g__Polaribacter; s__Polaribacter sp900106075
CAMI2_marine0-R1	0.4	Root; d__Bacteria; p__Bacteroidota; c__Bacteroidia; o__Flavobacteriales; f__Flavobacteriaceae; g__Polaribacter; s__Polaribacter vadi
CAMI2_marine0-R1	0.87	Root; d__Bacteria; p__Bacteroidota; c__Bacteroidia; o__Flavobacteriales; f__Flavobacteriaceae; g__Gramella; s__Gramella forsetii
CAMI2_marine0-R1	1.22	Root; d__Bacteria; p__Bacteroidota; c__Bacteroidia; o__Flavobacteriales; f__Flavobacteriaceae; g__Gramella; s__Gramella echinicola
CAMI2_marine0-R1	0.65	Root; d__Bacteria; p__Bacteroidota; c__Bacteroidia; o__Flavobacteriales; f__Flavobacteriaceae; g__Bizionia; s__Bizionia saleffrena
CAMI2_marine0-R1	0.24	Root; d__Bacteria; p__Bacteroidota; c__Bacteroidia; o__Flavobacteriales; f__Flavobacteriaceae; g__Bizionia; s__Bizionia paragorgiae
CAMI2_marine0-R1	0.12	Root; d__Bacteria; p__Bacteroidota; c__Bacteroidia; o__Flavobacteriales; f__Flavobacteriaceae; g__Bizionia; s__Bizionia sp018067115
CAMI2_marine0-R1	0.85	Root; d__Bacteria; p__Bacteroidota; c__Bacteroidia; o__Flavobacteriales; f__Flavobacteriaceae; g__Tenacibaculum_A; s__Tenacibaculum_A todarodis
CAMI2_marine0-R1	0.51	Root; d__Bacteria; p__Bacteroidota; c__Bacteroidia; o__Flavobacteriales; f__Flavobacteriaceae; g__Wenyingzhuangia; s__Wenyingzhuangia fucanilytica
CAMI2_marine0-R1	0.21	Root; d__Bacteria; p__Bacteroidota; c__Bacteroidia; o__Flavobacteriales; f__Flavobacteriaceae; g__Formosa; s__Formosa haliotis
CAMI2_marine0-R1	0.75	Root; d__Bacteria; p__Bacteroidota; c__Bacteroidia; o__Flavobacteriales; f__Flavobacteriaceae; g__Formosa; s__Formosa agariphila
CAMI2_marine0-R1	0.11	Root; d__Bacteria; p__Bacteroidota; c__Bacteroidia; o__Flavobacteriales; f__Flavobacteriaceae; g__Zunongwangia; s__Zunongwangia profunda
CAMI2_marine0-R1	0.74	Root; d__Bacteria; p__Bacteroidota; c__Bacteroidia; o__Chitinophagales; f__Saprospiraceae; g__Saprospira; s__Saprospira grandis_B
CAMI2_marine0-R1	0.4	Root; d__Bacteria; p__Bacteroidota; c__Bacteroidia; o__Cytophagales; f__Cyclobacteriaceae; g__Echinicola; s__Echinicola vietnamensis
CAMI2_marine0-R1	3.47	Root; d__Bacteria; p__Bacteroidota; c__Bacteroidia; o__Cytophagales; f__Cyclobacteriaceae; g__Marivirga; s__Marivirga tractuosa
CAMI2_marine0-R1	0.28	Root; d__Bacteria; p__Bacteroidota; c__Bacteroidia; o__Cytophagales; f__Cyclobacteriaceae; g__Cyclobacterium; s__Cyclobacterium amurskyense
CAMI2_marine0-R1	2.93	Root; d__Bacteria; p__Bacteroidota; c__Bacteroidia; o__Cytophagales; f__Flammeovirgaceae; g__Flammeovirga; s__Flammeovirga yaeyamensis
CAMI2_marine0-R1	0.4	Root; d__Bacteria; p__Bacteroidota; c__Bacteroidia; o__Cytophagales; f__Bernardetiaceae; g__Bernardetia; s__Bernardetia litoralis
CAMI2_marine0-R1	2.33	Root; d__Bacteria; p__Bacteroidota; c__Rhodothermia; o__Rhodothermales; f__Rhodothermaceae; g__Rhodothermus; s__Rhodothermus marinus
CAMI2_marine0-R1	0.51	Root; d__Bacteria; p__Bacteroidota; c__Rhodothermia; o__Rhodothermales; f__Salinibacteraceae; g__Salinibacter; s__Salinibacter ruber
CAMI2_marine0-R1	4.15	Root; d__Bacteria; p__Cyanobacteria; c__Cyanobacteriia; o__Cyanobacteriales; f__Microcystaceae_A; g__Atelocyanobacterium; s__Atelocyanobacterium thalassa
CAMI2_marine0-R1	0.28	Root; d__Bacteria; p__Cyanobacteria; c__Cyanobacteriia; o__Cyanobacteriales; f__Nostocaceae; g__Nodularia; s__Nodularia spumigena
CAMI2_marine0-R1	0.28	Root; d__Bacteria; p__Cyanobacteria; c__Cyanobacteriia; o__Cyanobacteriales; f__Nostocaceae; g__Rivularia; s__Rivularia sp000316665
CAMI2_marine0-R1	3.32	Root; d__Bacteria; p__Cyanobacteria; c__Cyanobacteriia; o__PCC-6307; f__Cyanobiaceae; g__Prochlorococcus_C; s__Prochlorococcus_C marinus_B
CAMI2_marine0-R1	0.52	Root; d__Bacteria; p__Cyanobacteria; c__Cyanobacteriia; o__PCC-6307; f__Cyanobiaceae; g__Prochlorococcus_C; s__Prochlorococcus_C sp000760295
CAMI2_marine0-R1	2.92	Root; d__Bacteria; p__Cyanobacteria; c__Cyanobacteriia; o__PCC-6307; f__Cyanobiaceae; g__Prochlorococcus_A; s__Prochlorococcus_A marinus_P
CAMI2_marine0-R1	0.68	Root; d__Bacteria; p__Cyanobacteria; c__Cyanobacteriia; o__PCC-6307; f__Cyanobiaceae; g__Prochlorococcus_A; s__Prochlorococcus_A marinus_E
CAMI2_marine0-R1	1.92	Root; d__Bacteria; p__Cyanobacteria; c__Cyanobacteriia; o__PCC-6307; f__Cyanobiaceae; g__Prochlorococcus_A; s__Prochlorococcus_A pastoris
CAMI2_marine0-R1	1.98	Root; d__Bacteria; p__Cyanobacteria; c__Cyanobacteriia; o__PCC-6307; f__Cyanobiaceae; g__Prochlorococcus_A; s__Prochlorococcus_A marinus_Q
CAMI2_marine0-R1	7.94	Root; d__Bacteria; p__Cyanobacteria; c__Cyanobacteriia; o__PCC-6307; f__Cyanobiaceae; g__Synechococcus_C; s__Synechococcus_C sp000063505
CAMI2_marine0-R1	3.54	Root; d__Bacteria; p__Cyanobacteria; c__Cyanobacteriia; o__PCC-6307; f__Cyanobiaceae; g__Synechococcus_C; s__Synechococcus_C sp000014585
CAMI2_marine0-R1	0.23	Root; d__Bacteria; p__Cyanobacteria; c__Cyanobacteriia; o__PCC-6307; f__Cyanobiaceae; g__Synechococcus_C; s__Synechococcus_C sp001040845
CAMI2_marine0-R1	1.13	Root; d__Bacteria; p__Cyanobacteria; c__Cyanobacteriia; o__PCC-6307; f__Cyanobiaceae; g__Prochlorococcus_B; s__Prochlorococcus_B sp000757865
CAMI2_marine0-R1	0.09	Root; d__Bacteria; p__Cyanobacteria; c__Cyanobacteriia; o__PCC-6307; f__Cyanobiaceae; g__Prochlorococcus_B; s__Prochlorococcus_B sp003213355
CAMI2_marine0-R1	0.42	Root; d__Bacteria; p__Cyanobacteria; c__Cyanobacteriia; o__PCC-6307; f__Cyanobiaceae; g__Prochlorococcus_B; s__Prochlorococcus_B marinus_B
CAMI2_marine0-R1	1.69	Root; d__Bacteria; p__Cyanobacteria; c__Cyanobacteriia; o__PCC-6307; f__Cyanobiaceae; g__Synechococcus_E; s__Synechococcus_E sp000012505
CAMI2_marine0-R1	0.18	Root; d__Bacteria; p__Cyanobacteria; c__Cyanobacteriia; o__PCC-6307; f__Cyanobiaceae; g__Synechococcus_E; s__Synechococcus_E sp000737535
CAMI2_marine0-R1	4.09	Root; d__Bacteria; p__Cyanobacteria; c__Cyanobacteriia; o__Gloeomargaritales; f__Gloeomargaritaceae; g__Gloeomargarita; s__Gloeomargarita lithophora
CAMI2_marine0-R1	1.63	Root; d__Bacteria; p__Actinobacteriota; c__Actinomycetia; o__Mycobacteriales; f__Mycobacteriaceae; g__Corynebacterium; s__Corynebacterium phocae
CAMI2_marine0-R1	0.3	Root; d__Bacteria; p__Actinobacteriota; c__Actinomycetia; o__Mycobacteriales; f__Mycobacteriaceae; g__Corynebacterium; s__Corynebacterium sphenisci
CAMI2_marine0-R1	4.43	Root; d__Bacteria; p__Actinobacteriota; c__Actinomycetia; o__Mycobacteriales; f__Mycobacteriaceae; g__Rhodococcus_B; s__Rhodococcus_B sp000954115
CAMI2_marine0-R1	0.4	Root; d__Bacteria; p__Actinobacteriota; c__Actinomycetia; o__Mycobacteriales; f__Mycobacteriaceae; g__Rhodococcus; s__Rhodococcus erythropolis
CAMI2_marine0-R1	0.57	Root; d__Bacteria; p__Actinobacteriota; c__Actinomycetia; o__Mycobacteriales; f__Mycobacteriaceae; g__Mycobacterium; s__Mycobacterium chubuense_A
CAMI2_marine0-R1	0.07	Root; d__Bacteria; p__Actinobacteriota; c__Actinomycetia; o__Mycobacteriales; f__Micromonosporaceae; g__Micromonospora; s__Micromonospora zingiberis
CAMI2_marine0-R1	3.15	Root; d__Bacteria; p__Actinobacteriota; c__Actinomycetia; o__Mycobacteriales; f__Micromonosporaceae; g__Micromonospora; s__Micromonospora gifhornensis
CAMI2_marine0-R1	11.59	Root; d__Bacteria; p__Actinobacteriota; c__Actinomycetia; o__Mycobacteriales; f__Micromonosporaceae; g__Micromonospora; s__Micromonospora tropica
CAMI2_marine0-R1	0.71	Root; d__Bacteria; p__Actinobacteriota; c__Actinomycetia; o__Mycobacteriales; f__Micromonosporaceae; g__Micromonospora; s__Micromonospora arenicola
CAMI2_marine0-R1	0.13	Root; d__Bacteria; p__Actinobacteriota; c__Actinomycetia; o__Mycobacteriales; f__Micromonosporaceae; g__Micromonospora; s__Micromonospora krabiensis
CAMI2_marine0-R1	3.58	Root; d__Bacteria; p__Actinobacteriota; c__Actinomycetia; o__Actinomycetales; f__Dermatophilaceae; g__Kytococcus; s__Kytococcus sedentarius
CAMI2_marine0-R1	1.25	Root; d__Bacteria; p__Actinobacteriota; c__Actinomycetia; o__Actinomycetales; f__Dermatophilaceae; g__Dermacoccus; s__Dermacoccus nishinomiyaensis
CAMI2_marine0-R1	0.34	Root; d__Bacteria; p__Actinobacteriota; c__Actinomycetia; o__Actinomycetales; f__Dermatophilaceae; g__Serinicoccus; s__Serinicoccus hydrothermalis
CAMI2_marine0-R1	0.57	Root; d__Bacteria; p__Actinobacteriota; c__Actinomycetia; o__Actinomycetales; f__Cellulomonadaceae; g__Paraoerskovia; s__Paraoerskovia marina
CAMI2_marine0-R1	0.25	Root; d__Bacteria; p__Actinobacteriota; c__Actinomycetia; o__Actinomycetales; f__Microbacteriaceae; g__Microbacterium; s__Microbacterium oxydans_C
CAMI2_marine0-R1	2.22	Root; d__Bacteria; p__Actinobacteriota; c__Actinomycetia; o__Actinomycetales; f__Microbacteriaceae; g__Aquiluna; s__Aquiluna sp900100865
CAMI2_marine0-R1	0.18	Root; d__Bacteria; p__Actinobacteriota; c__Actinomycetia; o__Actinomycetales; f__Microbacteriaceae; g__Clavibacter; s__Clavibacter nebraskensis
CAMI2_marine0-R1	0.08	Root; d__Bacteria; p__Actinobacteriota; c__Actinomycetia; o__Actinomycetales; f__Microbacteriaceae; g__Clavibacter; s__Clavibacter sp015351075
CAMI2_marine0-R1	0.36	Root; d__Bacteria; p__Actinobacteriota; c__Actinomycetia; o__Actinomycetales; f__Microbacteriaceae; g__Agrococcus; s__Agrococcus jejuensis
CAMI2_marine0-R1	0.09	Root; d__Bacteria; p__Actinobacteriota; c__Actinomycetia; o__Actinomycetales; f__Microbacteriaceae; g__Plantibacter; s__Plantibacter sp001423185
CAMI2_marine0-R1	0.38	Root; d__Bacteria; p__Actinobacteriota; c__Actinomycetia; o__Actinomycetales; f__Microbacteriaceae; g__Plantibacter; s__Plantibacter sp900177795
CAMI2_marine0-R1	0.06	Root; d__Bacteria; p__Actinobacteriota; c__Actinomycetia; o__Actinomycetales; f__Micrococcaceae; g__Kocuria; s__Kocuria rhizophila
CAMI2_marine0-R1	0.44	Root; d__Bacteria; p__Actinobacteriota; c__Actinomycetia; o__Actinomycetales; f__Micrococcaceae; g__Micrococcus; s__Micrococcus luteus
CAMI2_marine0-R1	0.06	Root; d__Bacteria; p__Actinobacteriota; c__Actinomycetia; o__Actinomycetales; f__Actinomycetaceae; g__Arcanobacterium; s__Arcanobacterium phocae
CAMI2_marine0-R1	6.16	Root; d__Bacteria; p__Actinobacteriota; c__Actinomycetia; o__Streptomycetales; f__Streptomycetaceae; g__Streptomyces; s__Streptomyces olivaceus
CAMI2_marine0-R1	1.49	Root; d__Bacteria; p__Actinobacteriota; c__Actinomycetia; o__Streptomycetales; f__Streptomycetaceae; g__Streptomyces; s__Streptomyces albidoflavus
CAMI2_marine0-R1	0.74	Root; d__Bacteria; p__Actinobacteriota; c__Actinomycetia; o__Streptosporangiales; f__Streptosporangiaceae; g__Nocardiopsis; s__Nocardiopsis dassonvillei
CAMI2_marine0-R1	17.79	Root; d__Bacteria; p__Actinobacteriota; c__Acidimicrobiia; o__Acidimicrobiales; f__Ilumatobacteraceae; g__Ilumatobacter_A; s__Ilumatobacter_A coccineus
CAMI2_marine0-R1	0.4	Root; d__Bacteria; p__Campylobacterota; c__Campylobacteria; o__Campylobacterales; f__Sulfurimonadaceae; g__Sulfurimonas; s__Sulfurimonas denitrificans
CAMI2_marine0-R1	44.1	Root; d__Bacteria; p__Campylobacterota; c__Campylobacteria; o__Campylobacterales; f__Sulfurovaceae; g__Sulfurovum; s__Sulfurovum sp000010345
CAMI2_marine0-R1	1.31	Root; d__Bacteria; p__Campylobacterota; c__Campylobacteria; o__Campylobacterales; f__Nitratiruptoraceae; g__YY08-10; s__YY08-10 sp000010325
CAMI2_marine0-R1	0.28	Root; d__Bacteria; p__Campylobacterota; c__Campylobacteria; o__Campylobacterales; f__Campylobacteraceae; g__Campylobacter_D; s__Campylobacter_D peloridis
CAMI2_marine0-R1	0.4	Root; d__Bacteria; p__Campylobacterota; c__Campylobacteria; o__Nautiliales; f__Nautiliaceae; g__Nautilia; s__Nautilia profundicola
CAMI2_marine0-R1	1.25	Root; d__Bacteria; p__Campylobacterota; c__Desulfurellia; o__Desulfurellales; f__Hippeaceae; g__Hippea; s__Hippea maritima
CAMI2_marine0-R1	2.1	Root; d__Bacteria; p__Firmicutes_A; c__Clostridia; o__Clostridiales; f__Clostridiaceae; g__Clostridium; s__Clostridium botulinum_A
CAMI2_marine0-R1	6.33	Root; d__Bacteria; p__Firmicutes_A; c__Clostridia; o__Clostridiales; f__Clostridiaceae; g__Clostridium; s__Clostridium cagae
CAMI2_marine0-R1	0.91	Root; d__Bacteria; p__Firmicutes_A; c__Clostridia; o__Acetivibrionales; f__Acetivibrionaceae; g__Hungateiclostridium; s__Hungateiclostridium thermocellum
CAMI2_marine0-R1	0.63	Root; d__Bacteria; p__Firmicutes_A; c__Clostridia; o__Acetivibrionales; f__DSM-8532; g__Thermoclostridium; s__Thermoclostridium stercorarium
CAMI2_marine0-R1	0.68	Root; d__Bacteria; p__Firmicutes_A; c__Clostridia; o__Oscillospirales; f__Oscillospiraceae; g__Oscillibacter; s__Oscillibacter valericigenes
CAMI2_marine0-R1	8.23	Root; d__Bacteria; p__Desulfobacterota; c__Desulfobacteria; o__Desulfobacterales; f__Desulfococcaceae; g__Desulfococcus; s__Desulfococcus multivorans
CAMI2_marine0-R1	0.34	Root; d__Bacteria; p__Desulfobacterota; c__Desulfobacteria; o__Desulfobacterales; f__Desulfobacteraceae; g__Desulfobacula; s__Desulfobacula toluolica
CAMI2_marine0-R1	1.25	Root; d__Bacteria; p__Desulfobacterota; c__Desulfuromonadia; o__Desulfuromonadales; f__Syntrophotaleaceae; g__Syntrophotalea; s__Syntrophotalea acetylenica
CAMI2_marine0-R1	11.03	Root; d__Bacteria; p__Deinococcota; c__Deinococci; o__Deinococcales; f__Marinithermaceae; g__Marinithermus; s__Marinithermus hydrothermalis
CAMI2_marine0-R1	2.22	Root; d__Bacteria; p__Desulfobacterota_I; c__Desulfovibrionia; o__Desulfovibrionales; f__Desulfovibrionaceae; g__Pseudodesulfovibrio; s__Pseudodesulfovibrio mercurii
CAMI2_marine0-R1	1.93	Root; d__Bacteria; p__Desulfobacterota_I; c__Desulfovibrionia; o__Desulfovibrionales; f__Desulfovibrionaceae; g__Desulfocurvibacter; s__Desulfocurvibacter africanus
CAMI2_marine0-R1	0.57	Root; d__Bacteria; p__Desulfobacterota_I; c__Desulfovibrionia; o__Desulfovibrionales; f__Desulfovibrionaceae; g__Maridesulfovibrio; s__Maridesulfovibrio hydrothermalis
CAMI2_marine0-R1	1.01	Root; d__Bacteria; p__Desulfobacterota_I; c__Desulfovibrionia; o__Desulfovibrionales; f__Desulfovibrionaceae; g__Maridesulfovibrio; s__Maridesulfovibrio salexigens
CAMI2_marine0-R1	0.83	Root; d__Bacteria; p__Bdellovibrionota; c__Bdellovibrionia; o__Bdellovibrionales; f__Bdellovibrionaceae; g__Bdellovibrio; s__Bdellovibrio bacteriovorus
CAMI2_marine0-R1	0.91	Root; d__Bacteria; p__Bdellovibrionota; c__Bacteriovoracia; o__Bacteriovoracales; f__Bacteriovoracaceae; g__Halobacteriovorax; s__Halobacteriovorax marinus
CAMI2_marine0-R1	3.24	Root; d__Bacteria; p__Fusobacteriota; c__Fusobacteriia; o__Fusobacteriales; f__Fusobacteriaceae; g__Ilyobacter; s__Ilyobacter polytropus
CAMI2_marine0-R1	1.71	Root; d__Bacteria; p__Aquificota; c__Desulfurobacteriia; o__Desulfurobacteriales; f__Desulfurobacteriaceae; g__Desulfurobacterium; s__Desulfurobacterium thermolithotrophum
CAMI2_marine0-R1	0.23	Root; d__Bacteria; p__Aquificota; c__Aquificae; o__Hydrogenothermales; f__Hydrogenothermaceae; g__Persephonella; s__Persephonella marina
CAMI2_marine0-R1	3.3	Root; d__Bacteria; p__Firmicutes_E; c__Sulfobacillia; o__Sulfobacillales; f__Sulfobacillaceae; g__Sulfobacillus_A; s__Sulfobacillus_A acidophilus
CAMI2_marine0-R1	0.34	Root; d__Bacteria; p__Firmicutes_E; c__Thermaerobacteria; o__Thermaerobacterales; f__Thermaerobacteraceae; g__Thermaerobacter; s__Thermaerobacter marianensis
CAMI2_marine0-R1	0.57	Root; d__Bacteria; p__Planctomycetota; c__Phycisphaerae; o__Phycisphaerales; f__Phycisphaeraceae; g__Phycisphaera; s__Phycisphaera mikurensis
